date,addr_count,ma30,ratio,f11_norm
2009-03-06 00:00:00+00:00,117.0,115.0,1.015,0.4699
2009-03-10 00:00:00+00:00,107.0,115.0,0.9325,0.6351
2009-03-15 00:00:00+00:00,123.0,115.0,1.0674,0.3652
2009-03-19 00:00:00+00:00,122.0,116.0,1.0553,0.3895
2009-03-23 00:00:00+00:00,130.0,116.0,1.1171,0.2657
2009-03-27 00:00:00+00:00,106.0,116.0,0.915,0.67
2009-03-31 00:00:00+00:00,111.0,116.0,0.96,0.5799
2009-04-04 00:00:00+00:00,113.0,116.0,0.9784,0.5433
2009-04-08 00:00:00+00:00,105.0,115.0,0.9127,0.6746
2009-04-12 00:00:00+00:00,120.0,115.0,1.0412,0.4176
2009-04-16 00:00:00+00:00,123.0,116.0,1.0644,0.3712
2009-04-20 00:00:00+00:00,121.0,116.0,1.0452,0.4096
2009-04-24 00:00:00+00:00,115.0,116.0,0.9936,0.5128
2009-04-28 00:00:00+00:00,117.0,116.0,1.0105,0.479
2009-05-02 00:00:00+00:00,130.0,116.0,1.118,0.2639
2009-05-06 00:00:00+00:00,135.0,117.0,1.1548,0.1903
2009-05-10 00:00:00+00:00,85.0,120.0,0.7103,1.0
2009-05-14 00:00:00+00:00,143.0,121.0,1.1815,0.137
2009-05-18 00:00:00+00:00,118.0,121.0,0.9728,0.5544
2009-05-22 00:00:00+00:00,62.0,120.0,0.5187,1.0
2009-05-26 00:00:00+00:00,125.0,117.0,1.0687,0.3626
2009-05-30 00:00:00+00:00,109.0,117.0,0.9327,0.6346
2009-06-03 00:00:00+00:00,72.0,115.0,0.6236,1.0
2009-06-08 00:00:00+00:00,82.0,114.0,0.7193,1.0
2009-06-12 00:00:00+00:00,86.0,112.0,0.7654,0.9693
2009-06-16 00:00:00+00:00,71.0,110.0,0.6443,1.0
2009-06-20 00:00:00+00:00,78.0,109.0,0.7165,1.0
2009-06-24 00:00:00+00:00,98.0,108.0,0.9077,0.6846
2009-06-28 00:00:00+00:00,48.0,106.0,0.4528,1.0
2009-07-02 00:00:00+00:00,85.0,105.0,0.8077,0.8845
2009-07-07 00:00:00+00:00,69.0,104.0,0.6658,1.0
2009-07-11 00:00:00+00:00,83.0,103.0,0.8071,0.8857
2009-07-15 00:00:00+00:00,45.0,100.0,0.449,1.0
2009-07-19 00:00:00+00:00,69.0,98.0,0.7007,1.0
2009-07-23 00:00:00+00:00,75.0,97.0,0.7761,0.9477
2009-07-27 00:00:00+00:00,74.0,96.0,0.7743,0.9513
2009-07-31 00:00:00+00:00,17.0,92.0,0.1839,1.0
2009-08-04 00:00:00+00:00,81.0,91.0,0.8865,0.7269
2009-08-08 00:00:00+00:00,80.0,91.0,0.8837,0.7327
2009-08-12 00:00:00+00:00,63.0,89.0,0.7108,1.0
2009-08-16 00:00:00+00:00,20.0,85.0,0.2347,1.0
2009-08-20 00:00:00+00:00,23.0,82.0,0.2807,1.0
2009-08-24 00:00:00+00:00,15.0,79.0,0.1908,1.0
2009-08-28 00:00:00+00:00,75.0,77.0,0.9715,0.557
2009-09-01 00:00:00+00:00,79.0,76.0,1.0464,0.4073
2009-09-05 00:00:00+00:00,76.0,74.0,1.0335,0.4329
2009-09-09 00:00:00+00:00,54.0,72.0,0.7448,1.0
2009-09-13 00:00:00+00:00,75.0,70.0,1.0679,0.3643
2009-09-17 00:00:00+00:00,86.0,69.0,1.2434,0.0133
2009-09-21 00:00:00+00:00,70.0,69.0,1.0082,0.4837
2009-09-25 00:00:00+00:00,93.0,68.0,1.3603,0.0
2009-09-29 00:00:00+00:00,90.0,68.0,1.3287,0.0
2009-10-03 00:00:00+00:00,58.0,67.0,0.8622,0.7755
2009-10-07 00:00:00+00:00,59.0,66.0,0.8872,0.7256
2009-10-11 00:00:00+00:00,74.0,66.0,1.1195,0.261
2009-10-15 00:00:00+00:00,71.0,66.0,1.0741,0.3517
2009-10-19 00:00:00+00:00,112.0,67.0,1.6658,0.0
2009-10-23 00:00:00+00:00,89.0,67.0,1.3297,0.0
2009-10-27 00:00:00+00:00,65.0,68.0,0.963,0.5741
2009-10-31 00:00:00+00:00,46.0,66.0,0.6949,1.0
2009-11-04 00:00:00+00:00,64.0,66.0,0.9692,0.5616
2009-11-08 00:00:00+00:00,73.0,66.0,1.1111,0.2778
2009-11-12 00:00:00+00:00,66.0,66.0,0.994,0.512
2009-11-16 00:00:00+00:00,97.0,67.0,1.4406,0.0
2009-11-20 00:00:00+00:00,86.0,68.0,1.2703,0.0
2009-11-24 00:00:00+00:00,93.0,68.0,1.361,0.0
2009-11-28 00:00:00+00:00,71.0,70.0,1.0124,0.4753
2009-12-02 00:00:00+00:00,94.0,71.0,1.3321,0.0
2009-12-07 00:00:00+00:00,112.0,72.0,1.5635,0.0
2009-12-11 00:00:00+00:00,112.0,73.0,1.5287,0.0
2009-12-15 00:00:00+00:00,113.0,76.0,1.4797,0.0
2009-12-19 00:00:00+00:00,199.0,82.0,2.4199,0.0
2009-12-23 00:00:00+00:00,154.0,87.0,1.7728,0.0
2009-12-27 00:00:00+00:00,168.0,90.0,1.8674,0.0
2009-12-31 00:00:00+00:00,138.0,92.0,1.5011,0.0
2010-01-04 00:00:00+00:00,184.0,96.0,1.926,0.0
2010-01-08 00:00:00+00:00,153.0,99.0,1.5481,0.0
2010-01-12 00:00:00+00:00,162.0,102.0,1.5924,0.0
2010-01-16 00:00:00+00:00,126.0,103.0,1.2225,0.055
2010-01-20 00:00:00+00:00,158.0,106.0,1.4906,0.0
2010-01-24 00:00:00+00:00,155.0,108.0,1.4343,0.0
2010-01-28 00:00:00+00:00,178.0,111.0,1.6036,0.0
2010-02-01 00:00:00+00:00,193.0,116.0,1.671,0.0
2010-02-05 00:00:00+00:00,228.0,121.0,1.8822,0.0
2010-02-09 00:00:00+00:00,211.0,126.0,1.6786,0.0
2010-02-13 00:00:00+00:00,235.0,131.0,1.7916,0.0
2010-02-17 00:00:00+00:00,248.0,136.0,1.8276,0.0
2010-02-21 00:00:00+00:00,227.0,140.0,1.618,0.0
2010-02-25 00:00:00+00:00,158.0,143.0,1.1018,0.2964
2010-03-01 00:00:00+00:00,199.0,148.0,1.3401,0.0
2010-03-05 00:00:00+00:00,173.0,152.0,1.1372,0.2257
2010-03-09 00:00:00+00:00,148.0,155.0,0.9571,0.5858
2010-03-13 00:00:00+00:00,154.0,158.0,0.9774,0.5453
2010-03-17 00:00:00+00:00,139.0,159.0,0.8744,0.7512
2010-03-21 00:00:00+00:00,187.0,162.0,1.152,0.1961
2010-03-25 00:00:00+00:00,201.0,166.0,1.2113,0.0773
2010-03-29 00:00:00+00:00,201.0,170.0,1.1805,0.139
2010-04-02 00:00:00+00:00,159.0,172.0,0.9221,0.6558
2010-04-06 00:00:00+00:00,174.0,174.0,0.9971,0.5057
2010-04-10 00:00:00+00:00,295.0,181.0,1.6334,0.0
2010-04-14 00:00:00+00:00,221.0,184.0,1.1998,0.1004
2010-04-18 00:00:00+00:00,3359.0,290.0,11.6014,0.0
2010-04-22 00:00:00+00:00,191.0,291.0,0.6569,1.0
2010-04-26 00:00:00+00:00,207.0,292.0,0.7087,1.0
2010-04-30 00:00:00+00:00,170.0,293.0,0.5799,1.0
2010-05-04 00:00:00+00:00,161.0,292.0,0.5507,1.0
2010-05-09 00:00:00+00:00,178.0,293.0,0.6071,1.0
2010-05-13 00:00:00+00:00,155.0,293.0,0.5291,1.0
2010-05-17 00:00:00+00:00,163.0,294.0,0.554,1.0
2010-05-21 00:00:00+00:00,215.0,296.0,0.7261,1.0
2010-05-25 00:00:00+00:00,247.0,299.0,0.8256,0.8487
2010-05-29 00:00:00+00:00,233.0,301.0,0.7741,0.9518
2010-06-02 00:00:00+00:00,189.0,301.0,0.6282,1.0
2010-06-06 00:00:00+00:00,191.0,300.0,0.6374,1.0
2010-06-10 00:00:00+00:00,218.0,300.0,0.727,1.0
2010-06-14 00:00:00+00:00,255.0,301.0,0.8485,0.803
2010-06-18 00:00:00+00:00,190.0,299.0,0.6363,1.0
2010-06-22 00:00:00+00:00,236.0,299.0,0.7896,0.9209
2010-06-26 00:00:00+00:00,199.0,300.0,0.6627,1.0
2010-06-30 00:00:00+00:00,261.0,302.0,0.8633,0.7734
2010-07-04 00:00:00+00:00,205.0,303.0,0.6757,1.0
2010-07-08 00:00:00+00:00,223.0,306.0,0.729,1.0
2010-07-12 00:00:00+00:00,3368.0,413.0,8.1543,0.0
2010-07-16 00:00:00+00:00,1436.0,456.0,3.1473,0.0
2010-07-21 00:00:00+00:00,524.0,468.0,1.1209,0.2583
2010-07-25 00:00:00+00:00,1881.0,524.0,3.5931,0.0
2010-07-29 00:00:00+00:00,431.0,531.0,0.8114,0.8772
2010-08-02 00:00:00+00:00,431.0,540.0,0.7978,0.9044
2010-08-06 00:00:00+00:00,422.0,548.0,0.7694,0.9613
2010-08-10 00:00:00+00:00,370.0,551.0,0.6715,1.0
2010-08-14 00:00:00+00:00,440.0,558.0,0.7881,0.9238
2010-08-18 00:00:00+00:00,450.0,461.0,0.9754,0.5491
2010-08-22 00:00:00+00:00,373.0,467.0,0.798,0.9039
2010-08-26 00:00:00+00:00,388.0,473.0,0.8195,0.8609
2010-08-30 00:00:00+00:00,359.0,480.0,0.7483,1.0
2010-09-03 00:00:00+00:00,373.0,487.0,0.7662,0.9675
2010-09-07 00:00:00+00:00,290.0,491.0,0.5912,1.0
2010-09-11 00:00:00+00:00,330.0,496.0,0.6648,1.0
2010-09-15 00:00:00+00:00,484.0,507.0,0.9545,0.591
2010-09-19 00:00:00+00:00,389.0,513.0,0.7585,0.983
2010-09-23 00:00:00+00:00,725.0,529.0,1.371,0.0
2010-09-27 00:00:00+00:00,693.0,544.0,1.2736,0.0
2010-10-01 00:00:00+00:00,672.0,560.0,1.1995,0.101
2010-10-05 00:00:00+00:00,491.0,570.0,0.8611,0.7779
2010-10-09 00:00:00+00:00,484.0,579.0,0.8358,0.8284
2010-10-13 00:00:00+00:00,457.0,586.0,0.7801,0.9398
2010-10-17 00:00:00+00:00,541.0,598.0,0.9054,0.6892
2010-10-21 00:00:00+00:00,697.0,613.0,1.1372,0.2256
2010-10-25 00:00:00+00:00,517.0,624.0,0.8292,0.8416
2010-10-29 00:00:00+00:00,542.0,633.0,0.8564,0.7872
2010-11-02 00:00:00+00:00,322.0,637.0,0.5057,1.0
2010-11-06 00:00:00+00:00,447.0,644.0,0.6938,1.0
2010-11-10 00:00:00+00:00,458.0,547.0,0.8369,0.8261
2010-11-14 00:00:00+00:00,457.0,515.0,0.8881,0.7239
2010-11-18 00:00:00+00:00,469.0,513.0,0.9146,0.6707
2010-11-22 00:00:00+00:00,418.0,464.0,0.9009,0.6983
2010-11-26 00:00:00+00:00,955.0,481.0,1.9835,0.0
2010-11-30 00:00:00+00:00,577.0,486.0,1.1864,0.1271
2010-12-04 00:00:00+00:00,537.0,490.0,1.0955,0.3089
2010-12-08 00:00:00+00:00,674.0,500.0,1.3472,0.0
2010-12-12 00:00:00+00:00,979.0,518.0,1.889,0.0
2010-12-16 00:00:00+00:00,706.0,527.0,1.3402,0.0
2010-12-20 00:00:00+00:00,1120.0,552.0,2.0301,0.0
2010-12-24 00:00:00+00:00,711.0,562.0,1.2641,0.0
2010-12-28 00:00:00+00:00,877.0,580.0,1.5128,0.0
2011-01-02 00:00:00+00:00,740.0,592.0,1.2501,0.0
2011-01-06 00:00:00+00:00,842.0,610.0,1.3795,0.0
2011-01-10 00:00:00+00:00,1187.0,639.0,1.8578,0.0
2011-01-14 00:00:00+00:00,1096.0,659.0,1.6623,0.0
2011-01-18 00:00:00+00:00,1126.0,684.0,1.6464,0.0
2011-01-22 00:00:00+00:00,1703.0,716.0,2.3768,0.0
2011-01-26 00:00:00+00:00,1251.0,735.0,1.7018,0.0
2011-01-30 00:00:00+00:00,2852.0,808.0,3.5307,0.0
2011-02-03 00:00:00+00:00,989.0,824.0,1.1997,0.1006
2011-02-07 00:00:00+00:00,1091.0,845.0,1.2917,0.0
2011-02-11 00:00:00+00:00,3680.0,952.0,3.8654,0.0
2011-02-15 00:00:00+00:00,2893.0,1030.0,2.8076,0.0
2011-02-19 00:00:00+00:00,2313.0,1084.0,2.1332,0.0
2011-02-23 00:00:00+00:00,3287.0,1177.0,2.7936,0.0
2011-02-28 00:00:00+00:00,2510.0,1242.0,2.0206,0.0
2011-03-04 00:00:00+00:00,2802.0,1325.0,2.1149,0.0
2011-03-08 00:00:00+00:00,3483.0,1426.0,2.4423,0.0
2011-03-12 00:00:00+00:00,2722.0,1502.0,1.8128,0.0
2011-03-16 00:00:00+00:00,2541.0,1571.0,1.6174,0.0
2011-03-20 00:00:00+00:00,4021.0,1689.0,2.3801,0.0
2011-03-24 00:00:00+00:00,3675.0,1798.0,2.0439,0.0
2011-03-28 00:00:00+00:00,4225.0,1907.0,2.2155,0.0
2011-04-01 00:00:00+00:00,2714.0,1978.0,1.3719,0.0
2011-04-05 00:00:00+00:00,3576.0,2080.0,1.7196,0.0
2011-04-09 00:00:00+00:00,3069.0,2159.0,1.4213,0.0
2011-04-13 00:00:00+00:00,3658.0,2249.0,1.6267,0.0
2011-04-17 00:00:00+00:00,3549.0,2343.0,1.5144,0.0
2011-04-21 00:00:00+00:00,3329.0,2417.0,1.3773,0.0
2011-04-25 00:00:00+00:00,4239.0,2535.0,1.6724,0.0
2011-04-29 00:00:00+00:00,5637.0,2693.0,2.0929,0.0
2011-05-03 00:00:00+00:00,5023.0,2836.0,1.7711,0.0
2011-05-07 00:00:00+00:00,6034.0,3009.0,2.0052,0.0
2011-05-11 00:00:00+00:00,5601.0,3156.0,1.7745,0.0
2011-05-15 00:00:00+00:00,6879.0,3349.0,2.054,0.0
2011-05-19 00:00:00+00:00,10305.0,3655.0,2.8194,0.0
2011-05-23 00:00:00+00:00,10231.0,3939.0,2.5972,0.0
2011-05-27 00:00:00+00:00,8881.0,4194.0,2.1177,0.0
2011-05-31 00:00:00+00:00,11804.0,4492.0,2.6278,0.0
2011-06-04 00:00:00+00:00,16869.0,5021.0,3.3594,0.0
2011-06-08 00:00:00+00:00,21324.0,5696.0,3.7438,0.0
2011-06-12 00:00:00+00:00,23112.0,6344.0,3.6434,0.0
2011-06-16 00:00:00+00:00,24631.0,7068.0,3.4848,0.0
2011-06-20 00:00:00+00:00,22601.0,7744.0,2.9184,0.0
2011-06-24 00:00:00+00:00,21877.0,8364.0,2.6156,0.0
2011-06-28 00:00:00+00:00,22438.0,9028.0,2.4853,0.0
2011-07-02 00:00:00+00:00,29542.0,9920.0,2.9781,0.0
2011-07-06 00:00:00+00:00,22736.0,10561.0,2.1527,0.0
2011-07-10 00:00:00+00:00,25407.0,11318.0,2.2449,0.0
2011-07-14 00:00:00+00:00,25886.0,12096.0,2.1401,0.0
2011-07-19 00:00:00+00:00,21575.0,12681.0,1.7014,0.0
2011-07-23 00:00:00+00:00,19426.0,13206.0,1.471,0.0
2011-07-27 00:00:00+00:00,20996.0,13765.0,1.5253,0.0
2011-07-31 00:00:00+00:00,21881.0,14404.0,1.5191,0.0
2011-08-04 00:00:00+00:00,15847.0,14813.0,1.0698,0.3604
2011-08-08 00:00:00+00:00,18340.0,15322.0,1.197,0.106
2011-08-12 00:00:00+00:00,14112.0,15670.0,0.9006,0.6989
2011-08-16 00:00:00+00:00,17699.0,16142.0,1.0965,0.3071
2011-08-20 00:00:00+00:00,18706.0,16655.0,1.1232,0.2537
2011-08-24 00:00:00+00:00,19095.0,17150.0,1.1134,0.2732
2011-08-28 00:00:00+00:00,16263.0,17504.0,0.9291,0.6418
2011-09-01 00:00:00+00:00,14081.0,17806.0,0.7908,0.9184
2011-09-05 00:00:00+00:00,15423.0,18119.0,0.8512,0.7976
2011-09-09 00:00:00+00:00,14345.0,18410.0,0.7792,0.9416
2011-09-13 00:00:00+00:00,12622.0,18602.0,0.6785,1.0
2011-09-17 00:00:00+00:00,10988.0,18625.0,0.59,1.0
2011-09-21 00:00:00+00:00,13718.0,18741.0,0.732,1.0
2011-09-26 00:00:00+00:00,15796.0,18971.0,0.8326,0.8348
2011-09-30 00:00:00+00:00,11283.0,18954.0,0.5953,1.0
2011-10-04 00:00:00+00:00,11300.0,18768.0,0.6021,1.0
2011-10-08 00:00:00+00:00,10489.0,18407.0,0.5698,1.0
2011-10-12 00:00:00+00:00,11384.0,18016.0,0.6319,1.0
2011-10-16 00:00:00+00:00,9703.0,17519.0,0.5539,1.0
2011-10-20 00:00:00+00:00,9169.0,17071.0,0.5371,1.0
2011-10-24 00:00:00+00:00,11426.0,16723.0,0.6833,1.0
2011-10-28 00:00:00+00:00,9929.0,16306.0,0.6089,1.0
2011-11-01 00:00:00+00:00,10579.0,15673.0,0.675,1.0
2011-11-05 00:00:00+00:00,11062.0,15284.0,0.7237,1.0
2011-11-09 00:00:00+00:00,11835.0,14832.0,0.7979,0.9041
2011-11-13 00:00:00+00:00,10130.0,14307.0,0.7081,1.0
2011-11-17 00:00:00+00:00,9659.0,13910.0,0.6944,1.0
2011-11-21 00:00:00+00:00,8063.0,13531.0,0.5959,1.0
2011-11-25 00:00:00+00:00,9369.0,13143.0,0.7128,1.0
2011-11-29 00:00:00+00:00,11231.0,12788.0,0.8782,0.7435
2011-12-03 00:00:00+00:00,9455.0,12575.0,0.7519,0.9962
2011-12-07 00:00:00+00:00,9967.0,12296.0,0.8106,0.8788
2011-12-11 00:00:00+00:00,8796.0,12119.0,0.7258,1.0
2011-12-15 00:00:00+00:00,7800.0,11789.0,0.6616,1.0
2011-12-19 00:00:00+00:00,9898.0,11495.0,0.8611,0.7779
2011-12-23 00:00:00+00:00,9532.0,11176.0,0.8529,0.7943
2011-12-27 00:00:00+00:00,8865.0,10930.0,0.8111,0.8778
2011-12-31 00:00:00+00:00,8198.0,10734.0,0.7638,0.9725
2012-01-04 00:00:00+00:00,9542.0,10538.0,0.9055,0.689
2012-01-08 00:00:00+00:00,10661.0,10415.0,1.0236,0.4528
2012-01-12 00:00:00+00:00,10691.0,10351.0,1.0329,0.4342
2012-01-16 00:00:00+00:00,11532.0,10369.0,1.1122,0.2756
2012-01-20 00:00:00+00:00,10999.0,10278.0,1.0701,0.3597
2012-01-24 00:00:00+00:00,11684.0,10141.0,1.1522,0.1957
2012-01-28 00:00:00+00:00,10203.0,10105.0,1.0097,0.4806
2012-02-01 00:00:00+00:00,11456.0,10110.0,1.1331,0.2338
2012-02-05 00:00:00+00:00,11451.0,10142.0,1.129,0.2419
2012-02-09 00:00:00+00:00,12023.0,10164.0,1.1829,0.1341
2012-02-13 00:00:00+00:00,12755.0,10265.0,1.2425,0.0149
2012-02-17 00:00:00+00:00,11012.0,10327.0,1.0664,0.3673
2012-02-21 00:00:00+00:00,11225.0,10320.0,1.0877,0.3246
2012-02-25 00:00:00+00:00,11022.0,10356.0,1.0643,0.3715
2012-02-29 00:00:00+00:00,12043.0,10405.0,1.1574,0.1852
2012-03-04 00:00:00+00:00,12059.0,10439.0,1.1552,0.1895
2012-03-08 00:00:00+00:00,12185.0,10450.0,1.166,0.168
2012-03-12 00:00:00+00:00,11290.0,10489.0,1.0764,0.3472
2012-03-16 00:00:00+00:00,12250.0,10575.0,1.1584,0.1833
2012-03-20 00:00:00+00:00,12143.0,10711.0,1.1337,0.2327
2012-03-24 00:00:00+00:00,10955.0,10764.0,1.0177,0.4645
2012-03-28 00:00:00+00:00,12531.0,10807.0,1.1595,0.181
2012-04-01 00:00:00+00:00,9862.0,10821.0,0.9114,0.6772
2012-04-05 00:00:00+00:00,12119.0,10893.0,1.1126,0.2748
2012-04-10 00:00:00+00:00,13537.0,11051.0,1.225,0.05
2012-04-14 00:00:00+00:00,13106.0,11228.0,1.1673,0.1654
2012-04-18 00:00:00+00:00,14652.0,11386.0,1.2868,0.0
2012-04-22 00:00:00+00:00,11365.0,11447.0,0.9928,0.5144
2012-04-26 00:00:00+00:00,14837.0,11646.0,1.274,0.0
2012-04-30 00:00:00+00:00,15186.0,11879.0,1.2784,0.0
2012-05-04 00:00:00+00:00,17784.0,12154.0,1.4632,0.0
2012-05-08 00:00:00+00:00,19584.0,12451.0,1.5728,0.0
2012-05-12 00:00:00+00:00,19032.0,12729.0,1.4951,0.0
2012-05-16 00:00:00+00:00,20227.0,13019.0,1.5536,0.0
2012-05-20 00:00:00+00:00,24706.0,13476.0,1.8333,0.0
2012-05-24 00:00:00+00:00,23103.0,13857.0,1.6673,0.0
2012-05-28 00:00:00+00:00,24094.0,14320.0,1.6826,0.0
2012-06-01 00:00:00+00:00,23507.0,14722.0,1.5968,0.0
2012-06-05 00:00:00+00:00,34403.0,15487.0,2.2215,0.0
2012-06-09 00:00:00+00:00,25160.0,15924.0,1.58,0.0
2012-06-13 00:00:00+00:00,38857.0,16795.0,2.3137,0.0
2012-06-17 00:00:00+00:00,32557.0,17513.0,1.8591,0.0
2012-06-21 00:00:00+00:00,23348.0,17917.0,1.3031,0.0
2012-06-25 00:00:00+00:00,26708.0,18440.0,1.4484,0.0
2012-06-29 00:00:00+00:00,26456.0,18920.0,1.3983,0.0
2012-07-03 00:00:00+00:00,26886.0,19414.0,1.3849,0.0
2012-07-07 00:00:00+00:00,25832.0,19869.0,1.3001,0.0
2012-07-11 00:00:00+00:00,28013.0,20427.0,1.3714,0.0
2012-07-15 00:00:00+00:00,24275.0,20828.0,1.1655,0.1689
2012-07-19 00:00:00+00:00,27587.0,21342.0,1.2926,0.0
2012-07-23 00:00:00+00:00,33404.0,22091.0,1.5121,0.0
2012-07-27 00:00:00+00:00,26568.0,22558.0,1.1777,0.1445
2012-07-31 00:00:00+00:00,45337.0,23741.0,1.9096,0.0
2012-08-04 00:00:00+00:00,28146.0,24275.0,1.1595,0.1811
2012-08-08 00:00:00+00:00,39343.0,25135.0,1.5652,0.0
2012-08-12 00:00:00+00:00,31503.0,25749.0,1.2235,0.053
2012-08-16 00:00:00+00:00,47583.0,26846.0,1.7724,0.0
2012-08-20 00:00:00+00:00,33907.0,27598.0,1.2286,0.0428
2012-08-24 00:00:00+00:00,35254.0,28278.0,1.2467,0.0066
2012-08-28 00:00:00+00:00,31789.0,28832.0,1.1026,0.2949
2012-09-01 00:00:00+00:00,36448.0,29454.0,1.2375,0.0251
2012-09-05 00:00:00+00:00,34684.0,29957.0,1.1578,0.1844
2012-09-09 00:00:00+00:00,32968.0,30422.0,1.0837,0.3326
2012-09-13 00:00:00+00:00,27581.0,30667.0,0.8994,0.7013
2012-09-17 00:00:00+00:00,26455.0,30725.0,0.861,0.778
2012-09-21 00:00:00+00:00,29568.0,30941.0,0.9556,0.5887
2012-09-26 00:00:00+00:00,36372.0,31350.0,1.1602,0.1796
2012-09-30 00:00:00+00:00,25258.0,31408.0,0.8042,0.8916
2012-10-04 00:00:00+00:00,36409.0,31475.0,1.1568,0.1865
2012-10-08 00:00:00+00:00,38115.0,31907.0,1.1946,0.1109
2012-10-12 00:00:00+00:00,35240.0,31786.0,1.1086,0.2827
2012-10-16 00:00:00+00:00,31821.0,31762.0,1.0019,0.4963
2012-10-20 00:00:00+00:00,32674.0,32073.0,1.0187,0.4625
2012-10-24 00:00:00+00:00,32550.0,32268.0,1.0088,0.4825
2012-10-28 00:00:00+00:00,21241.0,32094.0,0.6618,1.0
2012-11-01 00:00:00+00:00,23851.0,31993.0,0.7455,1.0
2012-11-05 00:00:00+00:00,28848.0,32093.0,0.8989,0.7022
2012-11-09 00:00:00+00:00,28298.0,32103.0,0.8815,0.737
2012-11-13 00:00:00+00:00,25520.0,32144.0,0.7939,0.9121
2012-11-17 00:00:00+00:00,44133.0,32696.0,1.3498,0.0
2012-11-21 00:00:00+00:00,33493.0,32699.0,1.0243,0.4514
2012-11-25 00:00:00+00:00,27861.0,32742.0,0.8509,0.7981
2012-11-29 00:00:00+00:00,31421.0,32278.0,0.9735,0.5531
2012-12-03 00:00:00+00:00,23875.0,32135.0,0.7429,1.0
2012-12-07 00:00:00+00:00,30025.0,31825.0,0.9434,0.6131
2012-12-11 00:00:00+00:00,29038.0,31743.0,0.9148,0.6704
2012-12-16 00:00:00+00:00,28686.0,31113.0,0.922,0.656
2012-12-20 00:00:00+00:00,29958.0,30981.0,0.967,0.566
2012-12-24 00:00:00+00:00,28575.0,30758.0,0.929,0.642
2012-12-28 00:00:00+00:00,33348.0,30810.0,1.0824,0.3353
2013-01-02 00:00:00+00:00,34292.0,30739.0,1.1156,0.2688
2013-01-06 00:00:00+00:00,32347.0,30661.0,1.055,0.39
2013-01-10 00:00:00+00:00,44686.0,31051.0,1.4391,0.0
2013-01-14 00:00:00+00:00,33866.0,31261.0,1.0833,0.3333
2013-01-18 00:00:00+00:00,43006.0,31812.0,1.3519,0.0
2013-01-22 00:00:00+00:00,38013.0,32094.0,1.1844,0.1311
2013-01-26 00:00:00+00:00,41077.0,32251.0,1.2737,0.0
2013-01-30 00:00:00+00:00,34666.0,32564.0,1.0645,0.3709
2013-02-03 00:00:00+00:00,43416.0,32798.0,1.3237,0.0
2013-02-07 00:00:00+00:00,44492.0,33011.0,1.3478,0.0
2013-02-11 00:00:00+00:00,39656.0,33158.0,1.196,0.108
2013-02-15 00:00:00+00:00,38769.0,33389.0,1.1611,0.1778
2013-02-19 00:00:00+00:00,39820.0,33628.0,1.1841,0.1317
2013-02-23 00:00:00+00:00,41790.0,33936.0,1.2315,0.0371
2013-02-27 00:00:00+00:00,42868.0,34656.0,1.2369,0.0261
2013-03-03 00:00:00+00:00,35819.0,35055.0,1.0218,0.4564
2013-03-07 00:00:00+00:00,50988.0,35793.0,1.4245,0.0
2013-03-11 00:00:00+00:00,41067.0,36219.0,1.1339,0.2323
2013-03-15 00:00:00+00:00,51708.0,37092.0,1.394,0.0
2013-03-19 00:00:00+00:00,52413.0,37368.0,1.4026,0.0
2013-03-23 00:00:00+00:00,50305.0,37928.0,1.3263,0.0
2013-03-27 00:00:00+00:00,58532.0,38951.0,1.5027,0.0
2013-03-31 00:00:00+00:00,48515.0,39521.0,1.2276,0.0448
2013-04-04 00:00:00+00:00,86454.0,41606.0,2.0779,0.0
2013-04-08 00:00:00+00:00,94011.0,43739.0,2.1493,0.0
2013-04-12 00:00:00+00:00,81347.0,45483.0,1.7885,0.0
2013-04-16 00:00:00+00:00,81694.0,47250.0,1.729,0.0
2013-04-20 00:00:00+00:00,62602.0,48338.0,1.2951,0.0
2013-04-24 00:00:00+00:00,81580.0,50105.0,1.6282,0.0
2013-04-28 00:00:00+00:00,104608.0,52480.0,1.9933,0.0
2013-05-02 00:00:00+00:00,65415.0,53518.0,1.2223,0.0554
2013-05-07 00:00:00+00:00,94788.0,55599.0,1.7048,0.0
2013-05-11 00:00:00+00:00,66176.0,56315.0,1.1751,0.1498
2013-05-15 00:00:00+00:00,68388.0,57466.0,1.1901,0.1199
2013-05-19 00:00:00+00:00,51697.0,57756.0,0.8951,0.7098
2013-05-23 00:00:00+00:00,68378.0,58768.0,1.1635,0.1729
2013-05-27 00:00:00+00:00,59658.0,59387.0,1.0046,0.4909
2013-05-31 00:00:00+00:00,61670.0,60287.0,1.0229,0.4541
2013-06-04 00:00:00+00:00,64541.0,60992.0,1.0582,0.3836
2013-06-08 00:00:00+00:00,47541.0,61093.0,0.7782,0.9437
2013-06-12 00:00:00+00:00,52892.0,61534.0,0.8596,0.7809
2013-06-16 00:00:00+00:00,39659.0,61564.0,0.6442,1.0
2013-06-20 00:00:00+00:00,54098.0,62040.0,0.872,0.756
2013-06-24 00:00:00+00:00,52722.0,62404.0,0.8448,0.8103
2013-06-28 00:00:00+00:00,56602.0,62862.0,0.9004,0.6992
2013-07-02 00:00:00+00:00,51868.0,63397.0,0.8181,0.8637
2013-07-06 00:00:00+00:00,42492.0,63114.0,0.6733,1.0
2013-07-10 00:00:00+00:00,54321.0,63556.0,0.8547,0.7906
2013-07-14 00:00:00+00:00,38901.0,63129.0,0.6162,1.0
2013-07-18 00:00:00+00:00,52109.0,63119.0,0.8256,0.8489
2013-07-22 00:00:00+00:00,50290.0,63118.0,0.7968,0.9065
2013-07-26 00:00:00+00:00,51523.0,62885.0,0.8193,0.8613
2013-07-30 00:00:00+00:00,58704.0,63224.0,0.9285,0.643
2013-08-03 00:00:00+00:00,49767.0,62001.0,0.8027,0.8946
2013-08-07 00:00:00+00:00,64954.0,61033.0,1.0642,0.3715
2013-08-11 00:00:00+00:00,43353.0,59766.0,0.7254,1.0
2013-08-15 00:00:00+00:00,64588.0,59196.0,1.0911,0.3178
2013-08-19 00:00:00+00:00,69236.0,59417.0,1.1652,0.1695
2013-08-23 00:00:00+00:00,63359.0,58810.0,1.0774,0.3453
2013-08-27 00:00:00+00:00,72059.0,57725.0,1.2483,0.0034
2013-08-31 00:00:00+00:00,77866.0,58140.0,1.3393,0.0
2013-09-04 00:00:00+00:00,62447.0,57062.0,1.0944,0.3113
2013-09-08 00:00:00+00:00,44651.0,56344.0,0.7925,0.9151
2013-09-12 00:00:00+00:00,63265.0,56174.0,1.1262,0.2475
2013-09-16 00:00:00+00:00,57572.0,56370.0,1.0213,0.4573
2013-09-20 00:00:00+00:00,66115.0,56294.0,1.1745,0.1511
2013-09-24 00:00:00+00:00,65926.0,56503.0,1.1668,0.1665
2013-09-28 00:00:00+00:00,56523.0,56331.0,1.0034,0.4932
2013-10-02 00:00:00+00:00,77728.0,56771.0,1.3691,0.0
2013-10-06 00:00:00+00:00,49517.0,56837.0,0.8712,0.7576
2013-10-10 00:00:00+00:00,67237.0,57315.0,1.1731,0.1538
2013-10-14 00:00:00+00:00,68679.0,58282.0,1.1784,0.1432
2013-10-18 00:00:00+00:00,70030.0,58813.0,1.1907,0.1186
2013-10-22 00:00:00+00:00,91759.0,60115.0,1.5264,0.0
2013-10-26 00:00:00+00:00,60631.0,60249.0,1.0063,0.4873
2013-10-30 00:00:00+00:00,78591.0,61140.0,1.2854,0.0
2013-11-03 00:00:00+00:00,65338.0,61901.0,1.0555,0.389
2013-11-07 00:00:00+00:00,109301.0,63734.0,1.715,0.0
2013-11-11 00:00:00+00:00,88300.0,65381.0,1.3506,0.0
2013-11-15 00:00:00+00:00,102176.0,67050.0,1.5239,0.0
2013-11-19 00:00:00+00:00,170557.0,71058.0,2.4002,0.0
2013-11-23 00:00:00+00:00,130687.0,73697.0,1.7733,0.0
2013-11-27 00:00:00+00:00,170801.0,77434.0,2.2058,0.0
2013-12-01 00:00:00+00:00,136377.0,80321.0,1.6979,0.0
2013-12-05 00:00:00+00:00,157285.0,83398.0,1.8859,0.0
2013-12-09 00:00:00+00:00,136327.0,86498.0,1.5761,0.0
2013-12-13 00:00:00+00:00,121972.0,88410.0,1.3796,0.0
2013-12-17 00:00:00+00:00,133831.0,90564.0,1.4778,0.0
2013-12-21 00:00:00+00:00,107061.0,92020.0,1.1634,0.1731
2013-12-25 00:00:00+00:00,113223.0,93392.0,1.2123,0.0753
2013-12-29 00:00:00+00:00,94132.0,93935.0,1.0021,0.4958
2014-01-02 00:00:00+00:00,114151.0,95658.0,1.1933,0.1134
2014-01-06 00:00:00+00:00,151592.0,99223.0,1.5278,0.0
2014-01-10 00:00:00+00:00,108863.0,100743.0,1.0806,0.3388
2014-01-14 00:00:00+00:00,110009.0,102491.0,1.0734,0.3533
2014-01-18 00:00:00+00:00,92393.0,103367.0,0.8938,0.7123
2014-01-22 00:00:00+00:00,132174.0,105575.0,1.2519,0.0
2014-01-26 00:00:00+00:00,109747.0,107349.0,1.0223,0.4553
2014-01-30 00:00:00+00:00,131665.0,109147.0,1.2063,0.0874
2014-02-03 00:00:00+00:00,151697.0,112553.0,1.3478,0.0
2014-02-07 00:00:00+00:00,142073.0,115047.0,1.2349,0.0302
2014-02-11 00:00:00+00:00,129779.0,117084.0,1.1084,0.2831
2014-02-15 00:00:00+00:00,128245.0,119025.0,1.0775,0.3451
2014-02-19 00:00:00+00:00,154079.0,121102.0,1.2723,0.0
2014-02-23 00:00:00+00:00,144957.0,123913.0,1.1698,0.1603
2014-02-27 00:00:00+00:00,162312.0,126703.0,1.281,0.0
2014-03-03 00:00:00+00:00,207617.0,131446.0,1.5795,0.0
2014-03-07 00:00:00+00:00,156936.0,133034.0,1.1797,0.1407
2014-03-11 00:00:00+00:00,155145.0,135262.0,1.147,0.206
2014-03-15 00:00:00+00:00,120614.0,135877.0,0.8877,0.7247
2014-03-19 00:00:00+00:00,141597.0,134911.0,1.0496,0.4009
2014-03-23 00:00:00+00:00,126956.0,134787.0,0.9419,0.6162
2014-03-27 00:00:00+00:00,160637.0,134448.0,1.1948,0.1104
2014-03-31 00:00:00+00:00,148468.0,134851.0,1.101,0.298
2014-04-04 00:00:00+00:00,154707.0,134765.0,1.148,0.2041
2014-04-08 00:00:00+00:00,142384.0,134967.0,1.055,0.3901
2014-04-12 00:00:00+00:00,112455.0,134650.0,0.8352,0.8297
2014-04-16 00:00:00+00:00,149841.0,135184.0,1.1084,0.2831
2014-04-20 00:00:00+00:00,147204.0,136522.0,1.0782,0.3435
2014-04-24 00:00:00+00:00,135134.0,137252.0,0.9846,0.5309
2014-04-28 00:00:00+00:00,146280.0,138990.0,1.0524,0.3951
2014-05-02 00:00:00+00:00,122570.0,139271.0,0.8801,0.7398
2014-05-06 00:00:00+00:00,144318.0,139029.0,1.038,0.4239
2014-05-10 00:00:00+00:00,115894.0,139263.0,0.8322,0.8356
2014-05-14 00:00:00+00:00,136797.0,140156.0,0.976,0.5479
2014-05-18 00:00:00+00:00,151253.0,142118.0,1.0643,0.3714
2014-05-22 00:00:00+00:00,137973.0,142311.0,0.9695,0.561
2014-05-26 00:00:00+00:00,143041.0,143421.0,0.9974,0.5053
2014-05-30 00:00:00+00:00,127995.0,143299.0,0.8932,0.7136
2014-06-03 00:00:00+00:00,160756.0,143601.0,1.1195,0.2611
2014-06-07 00:00:00+00:00,120890.0,142894.0,0.846,0.808
2014-06-11 00:00:00+00:00,145154.0,143407.0,1.0122,0.4756
2014-06-15 00:00:00+00:00,156625.0,144353.0,1.085,0.33
2014-06-19 00:00:00+00:00,132614.0,143637.0,0.9233,0.6535
2014-06-23 00:00:00+00:00,136813.0,143366.0,0.9543,0.5914
2014-06-27 00:00:00+00:00,144281.0,142765.0,1.0106,0.4788
2014-07-01 00:00:00+00:00,157472.0,141093.0,1.1161,0.2678
2014-07-05 00:00:00+00:00,110447.0,139544.0,0.7915,0.917
2014-07-09 00:00:00+00:00,157335.0,139617.0,1.1269,0.2462
2014-07-13 00:00:00+00:00,168917.0,141227.0,1.1961,0.1079
2014-07-17 00:00:00+00:00,147920.0,141438.0,1.0458,0.4083
2014-07-21 00:00:00+00:00,135234.0,141714.0,0.9543,0.5914
2014-07-25 00:00:00+00:00,152439.0,141440.0,1.0778,0.3445
2014-07-29 00:00:00+00:00,142385.0,141238.0,1.0081,0.4838
2014-08-02 00:00:00+00:00,121519.0,140131.0,0.8672,0.7656
2014-08-06 00:00:00+00:00,173282.0,141161.0,1.2275,0.0449
2014-08-10 00:00:00+00:00,174825.0,143240.0,1.2205,0.059
2014-08-14 00:00:00+00:00,165350.0,143757.0,1.1502,0.1996
2014-08-18 00:00:00+00:00,167625.0,144438.0,1.1605,0.1789
2014-08-22 00:00:00+00:00,156690.0,145156.0,1.0795,0.3411
2014-08-26 00:00:00+00:00,163451.0,145729.0,1.1216,0.2568
2014-08-30 00:00:00+00:00,141380.0,146356.0,0.966,0.568
2014-09-03 00:00:00+00:00,146140.0,146417.0,0.9981,0.5038
2014-09-07 00:00:00+00:00,212749.0,149645.0,1.4217,0.0
2014-09-11 00:00:00+00:00,149290.0,150062.0,0.9949,0.5103
2014-09-15 00:00:00+00:00,160989.0,150386.0,1.0705,0.359
2014-09-19 00:00:00+00:00,143062.0,150556.0,0.9502,0.5995
2014-09-23 00:00:00+00:00,163696.0,151244.0,1.0823,0.3353
2014-09-27 00:00:00+00:00,141428.0,151692.0,0.9323,0.6353
2014-10-01 00:00:00+00:00,184302.0,152477.0,1.2087,0.0826
2014-10-05 00:00:00+00:00,220026.0,155781.0,1.4124,0.0
2014-10-09 00:00:00+00:00,159411.0,156257.0,1.0202,0.4596
2014-10-13 00:00:00+00:00,181958.0,157101.0,1.1582,0.1836
2014-10-17 00:00:00+00:00,157606.0,157934.0,0.9979,0.5042
2014-10-22 00:00:00+00:00,171493.0,159090.0,1.078,0.3441
2014-10-26 00:00:00+00:00,184703.0,160437.0,1.1512,0.1975
2014-10-30 00:00:00+00:00,176402.0,161068.0,1.0952,0.3096
2014-11-03 00:00:00+00:00,173647.0,163175.0,1.0642,0.3716
2014-11-07 00:00:00+00:00,163758.0,163389.0,1.0023,0.4955
2014-11-11 00:00:00+00:00,170263.0,163434.0,1.0418,0.4164
2014-11-15 00:00:00+00:00,150621.0,163524.0,0.9211,0.6578
2014-11-19 00:00:00+00:00,172491.0,164766.0,1.0469,0.4062
2014-11-23 00:00:00+00:00,223748.0,167143.0,1.3387,0.0
2014-11-27 00:00:00+00:00,181363.0,168442.0,1.0767,0.3466
2014-12-01 00:00:00+00:00,181684.0,170448.0,1.0659,0.3682
2014-12-05 00:00:00+00:00,194196.0,171145.0,1.1347,0.2306
2014-12-09 00:00:00+00:00,186519.0,171535.0,1.0874,0.3253
2014-12-13 00:00:00+00:00,155092.0,171193.0,0.9059,0.6881
2014-12-17 00:00:00+00:00,209988.0,172605.0,1.2166,0.0668
2014-12-21 00:00:00+00:00,205666.0,174237.0,1.1804,0.1392
2014-12-25 00:00:00+00:00,140109.0,173459.0,0.8077,0.8845
2014-12-29 00:00:00+00:00,163563.0,174199.0,0.9389,0.6221
2015-01-02 00:00:00+00:00,179406.0,175308.0,1.0234,0.4532
2015-01-06 00:00:00+00:00,179159.0,174188.0,1.0285,0.4429
2015-01-10 00:00:00+00:00,242729.0,177303.0,1.369,0.0
2015-01-14 00:00:00+00:00,217076.0,179172.0,1.2115,0.0769
2015-01-18 00:00:00+00:00,214984.0,181570.0,1.184,0.1319
2015-01-22 00:00:00+00:00,186251.0,182321.0,1.0216,0.4569
2015-01-26 00:00:00+00:00,216080.0,184810.0,1.1692,0.1616
2015-01-30 00:00:00+00:00,161500.0,184050.0,0.8775,0.745
2015-02-03 00:00:00+00:00,203192.0,183489.0,1.1074,0.2852
2015-02-07 00:00:00+00:00,159160.0,183480.0,0.8675,0.7651
2015-02-11 00:00:00+00:00,191881.0,183811.0,1.0439,0.4122
2015-02-15 00:00:00+00:00,300913.0,188588.0,1.5956,0.0
2015-02-19 00:00:00+00:00,180964.0,188904.0,0.958,0.5841
2015-02-23 00:00:00+00:00,213050.0,189848.0,1.1222,0.2556
2015-02-27 00:00:00+00:00,198801.0,190595.0,1.0431,0.4139
2015-03-03 00:00:00+00:00,218185.0,192080.0,1.1359,0.2282
2015-03-07 00:00:00+00:00,213542.0,193739.0,1.1022,0.2956
2015-03-11 00:00:00+00:00,202784.0,194823.0,1.0409,0.4183
2015-03-15 00:00:00+00:00,219686.0,197125.0,1.1144,0.2711
2015-03-19 00:00:00+00:00,191319.0,197753.0,0.9675,0.5651
2015-03-23 00:00:00+00:00,217678.0,197551.0,1.1019,0.2962
2015-03-27 00:00:00+00:00,196455.0,198054.0,0.9919,0.5161
2015-03-31 00:00:00+00:00,226307.0,199541.0,1.1341,0.2317
2015-04-04 00:00:00+00:00,215923.0,200265.0,1.0782,0.3436
2015-04-08 00:00:00+00:00,215255.0,201223.0,1.0697,0.3605
2015-04-12 00:00:00+00:00,217732.0,203311.0,1.0709,0.3581
2015-04-16 00:00:00+00:00,188970.0,202611.0,0.9327,0.6346
2015-04-20 00:00:00+00:00,209796.0,202748.0,1.0348,0.4305
2015-04-24 00:00:00+00:00,204006.0,204878.0,0.9957,0.5085
2015-04-28 00:00:00+00:00,209313.0,206403.0,1.0141,0.4718
2015-05-02 00:00:00+00:00,233284.0,208199.0,1.1205,0.259
2015-05-06 00:00:00+00:00,225289.0,209737.0,1.0742,0.3517
2015-05-10 00:00:00+00:00,219078.0,208948.0,1.0485,0.403
2015-05-14 00:00:00+00:00,200454.0,208394.0,0.9619,0.5762
2015-05-18 00:00:00+00:00,206913.0,208125.0,0.9942,0.5117
2015-05-22 00:00:00+00:00,208304.0,208860.0,0.9973,0.5053
2015-05-26 00:00:00+00:00,227723.0,209249.0,1.0883,0.3234
2015-05-30 00:00:00+00:00,266265.0,212741.0,1.2516,0.0
2015-06-03 00:00:00+00:00,246454.0,214183.0,1.1507,0.1987
2015-06-07 00:00:00+00:00,220164.0,216216.0,1.0183,0.4635
2015-06-11 00:00:00+00:00,233951.0,217619.0,1.0751,0.3499
2015-06-15 00:00:00+00:00,272423.0,216669.0,1.2573,0.0
2015-06-19 00:00:00+00:00,253777.0,219096.0,1.1583,0.1834
2015-06-23 00:00:00+00:00,256698.0,220551.0,1.1639,0.1722
2015-06-27 00:00:00+00:00,254786.0,222417.0,1.1455,0.2089
2015-07-01 00:00:00+00:00,253870.0,223607.0,1.1353,0.2293
2015-07-05 00:00:00+00:00,269467.0,225471.0,1.1951,0.1097
2015-07-09 00:00:00+00:00,269424.0,227692.0,1.1833,0.1334
2015-07-13 00:00:00+00:00,240377.0,228382.0,1.0525,0.395
2015-07-17 00:00:00+00:00,205768.0,228863.0,0.8991,0.7018
2015-07-21 00:00:00+00:00,255725.0,230132.0,1.1112,0.2776
2015-07-25 00:00:00+00:00,195286.0,230093.0,0.8487,0.8025
2015-07-29 00:00:00+00:00,269690.0,231539.0,1.1648,0.1705
2015-08-02 00:00:00+00:00,255245.0,232850.0,1.0962,0.3076
2015-08-06 00:00:00+00:00,245603.0,233861.0,1.0502,0.3996
2015-08-10 00:00:00+00:00,235211.0,234444.0,1.0033,0.4935
2015-08-14 00:00:00+00:00,227327.0,235722.0,0.9644,0.5712
2015-08-18 00:00:00+00:00,249286.0,237039.0,1.0517,0.3967
2015-08-22 00:00:00+00:00,258265.0,238847.0,1.0813,0.3374
2015-08-26 00:00:00+00:00,237648.0,239792.0,0.9911,0.5179
2015-08-30 00:00:00+00:00,245385.0,240195.0,1.0216,0.4568
2015-09-03 00:00:00+00:00,246972.0,240918.0,1.0251,0.4497
2015-09-07 00:00:00+00:00,263783.0,242408.0,1.0882,0.3236
2015-09-11 00:00:00+00:00,276094.0,244929.0,1.1272,0.2455
2015-09-15 00:00:00+00:00,268665.0,246988.0,1.0878,0.3245
2015-09-19 00:00:00+00:00,221522.0,247428.0,0.8953,0.7094
2015-09-23 00:00:00+00:00,244535.0,247989.0,0.9861,0.5279
2015-09-27 00:00:00+00:00,256084.0,247650.0,1.0341,0.4319
2015-10-01 00:00:00+00:00,248462.0,247716.0,1.003,0.494
2015-10-05 00:00:00+00:00,233960.0,248176.0,0.9427,0.6146
2015-10-09 00:00:00+00:00,209703.0,247368.0,0.8477,0.8045
2015-10-13 00:00:00+00:00,239237.0,246262.0,0.9715,0.5571
2015-10-17 00:00:00+00:00,307347.0,248048.0,1.2391,0.0219
2015-10-21 00:00:00+00:00,289412.0,249138.0,1.1617,0.1767
2015-10-25 00:00:00+00:00,296929.0,250543.0,1.1851,0.1297
2015-10-29 00:00:00+00:00,292094.0,251817.0,1.1599,0.1801
2015-11-02 00:00:00+00:00,309823.0,253162.0,1.2238,0.0524
2015-11-06 00:00:00+00:00,358682.0,256137.0,1.4004,0.0
2015-11-10 00:00:00+00:00,311998.0,258525.0,1.2068,0.0863
2015-11-14 00:00:00+00:00,328381.0,262612.0,1.2504,0.0
2015-11-18 00:00:00+00:00,324903.0,264918.0,1.2264,0.0471
2015-11-22 00:00:00+00:00,319199.0,269048.0,1.1864,0.1272
2015-11-26 00:00:00+00:00,314907.0,270555.0,1.1639,0.1721
2015-11-30 00:00:00+00:00,409952.0,275712.0,1.4869,0.0
2015-12-04 00:00:00+00:00,329534.0,278510.0,1.1832,0.1336
2015-12-08 00:00:00+00:00,388080.0,283606.0,1.3684,0.0
2015-12-12 00:00:00+00:00,445120.0,290865.0,1.5303,0.0
2015-12-16 00:00:00+00:00,396918.0,295786.0,1.3419,0.0
2015-12-20 00:00:00+00:00,409195.0,300817.0,1.3603,0.0
2015-12-24 00:00:00+00:00,382616.0,305650.0,1.2518,0.0
2015-12-28 00:00:00+00:00,335134.0,308641.0,1.0858,0.3283
2016-01-01 00:00:00+00:00,263121.0,309180.0,0.851,0.7979
2016-01-05 00:00:00+00:00,359763.0,312379.0,1.1517,0.1966
2016-01-09 00:00:00+00:00,390146.0,316181.0,1.2339,0.0321
2016-01-13 00:00:00+00:00,339655.0,318547.0,1.0663,0.3675
2016-01-17 00:00:00+00:00,462215.0,326570.0,1.4154,0.0
2016-01-21 00:00:00+00:00,415801.0,332279.0,1.2514,0.0
2016-01-25 00:00:00+00:00,420289.0,337753.0,1.2444,0.0113
2016-01-29 00:00:00+00:00,410455.0,343152.0,1.1961,0.1077
2016-02-02 00:00:00+00:00,488072.0,351623.0,1.3881,0.0
2016-02-06 00:00:00+00:00,419675.0,358622.0,1.1702,0.1595
2016-02-10 00:00:00+00:00,417816.0,364574.0,1.146,0.2079
2016-02-14 00:00:00+00:00,421715.0,368387.0,1.1448,0.2105
2016-02-18 00:00:00+00:00,415599.0,372593.0,1.1154,0.2692
2016-02-22 00:00:00+00:00,465054.0,378197.0,1.2297,0.0407
2016-02-26 00:00:00+00:00,391078.0,381497.0,1.0251,0.4498
2016-03-01 00:00:00+00:00,483492.0,387286.0,1.2484,0.0032
2016-03-05 00:00:00+00:00,411654.0,389051.0,1.0581,0.3838
2016-03-09 00:00:00+00:00,337006.0,389885.0,0.8644,0.7713
2016-03-13 00:00:00+00:00,351625.0,390660.0,0.9001,0.6998
2016-03-17 00:00:00+00:00,397923.0,393094.0,1.0123,0.4754
2016-03-21 00:00:00+00:00,355209.0,394294.0,0.9009,0.6983
2016-03-25 00:00:00+00:00,332910.0,394894.0,0.843,0.8139
2016-03-29 00:00:00+00:00,384087.0,394032.0,0.9748,0.5505
2016-04-02 00:00:00+00:00,349858.0,394709.0,0.8864,0.7273
2016-04-06 00:00:00+00:00,400648.0,395128.0,1.014,0.4721
2016-04-10 00:00:00+00:00,369611.0,392611.0,0.9414,0.6172
2016-04-14 00:00:00+00:00,386126.0,392252.0,0.9844,0.5312
2016-04-18 00:00:00+00:00,391408.0,391659.0,0.9994,0.5013
2016-04-22 00:00:00+00:00,360541.0,390923.0,0.9223,0.6554
2016-04-26 00:00:00+00:00,438403.0,394365.0,1.1117,0.2767
2016-04-30 00:00:00+00:00,370399.0,397941.0,0.9308,0.6384
2016-05-04 00:00:00+00:00,393861.0,399078.0,0.9869,0.5261
2016-05-08 00:00:00+00:00,363477.0,398189.0,0.9128,0.6743
2016-05-12 00:00:00+00:00,373340.0,399312.0,0.935,0.6301
2016-05-16 00:00:00+00:00,428469.0,398187.0,1.0761,0.3479
2016-05-20 00:00:00+00:00,352825.0,396088.0,0.8908,0.7184
2016-05-24 00:00:00+00:00,407284.0,395654.0,1.0294,0.4412
2016-05-28 00:00:00+00:00,378992.0,394605.0,0.9604,0.5791
2016-06-01 00:00:00+00:00,411100.0,392040.0,1.0486,0.4028
2016-06-05 00:00:00+00:00,370336.0,390395.0,0.9486,0.6028
2016-06-09 00:00:00+00:00,433264.0,390910.0,1.1083,0.2833
2016-06-13 00:00:00+00:00,450475.0,391868.0,1.1496,0.2009
2016-06-17 00:00:00+00:00,456749.0,393240.0,1.1615,0.177
2016-06-21 00:00:00+00:00,466563.0,393290.0,1.1863,0.1274
2016-06-25 00:00:00+00:00,410558.0,393940.0,1.0422,0.4156
2016-06-29 00:00:00+00:00,370956.0,390189.0,0.9507,0.5986
2016-07-03 00:00:00+00:00,349825.0,388128.0,0.9013,0.6974
2016-07-07 00:00:00+00:00,364951.0,389059.0,0.938,0.6239
2016-07-11 00:00:00+00:00,392909.0,390435.0,1.0063,0.4873
2016-07-15 00:00:00+00:00,367025.0,389405.0,0.9425,0.6149
2016-07-19 00:00:00+00:00,372107.0,389969.0,0.9542,0.5916
2016-07-23 00:00:00+00:00,338444.0,390153.0,0.8675,0.7651
2016-07-27 00:00:00+00:00,373465.0,389799.0,0.9581,0.5838
2016-07-31 00:00:00+00:00,344641.0,389625.0,0.8845,0.7309
2016-08-04 00:00:00+00:00,384713.0,389094.0,0.9887,0.5225
2016-08-08 00:00:00+00:00,412180.0,390513.0,1.0555,0.389
2016-08-12 00:00:00+00:00,389404.0,390622.0,0.9969,0.5062
2016-08-16 00:00:00+00:00,423764.0,391701.0,1.0819,0.3363
2016-08-20 00:00:00+00:00,399739.0,393007.0,1.0171,0.4657
2016-08-24 00:00:00+00:00,408587.0,392013.0,1.0423,0.4154
2016-08-28 00:00:00+00:00,331778.0,390726.0,0.8491,0.8017
2016-09-01 00:00:00+00:00,385974.0,390463.0,0.9885,0.523
2016-09-05 00:00:00+00:00,422188.0,392420.0,1.0759,0.3483
2016-09-09 00:00:00+00:00,380834.0,392670.0,0.9699,0.5603
2016-09-13 00:00:00+00:00,410171.0,392060.0,1.0462,0.4076
2016-09-17 00:00:00+00:00,394081.0,393435.0,1.0016,0.4967
2016-09-21 00:00:00+00:00,408745.0,393484.0,1.0388,0.4224
2016-09-25 00:00:00+00:00,377263.0,393426.0,0.9589,0.5822
2016-09-29 00:00:00+00:00,438502.0,394340.0,1.112,0.276
2016-10-03 00:00:00+00:00,494066.0,398464.0,1.2399,0.0201
2016-10-07 00:00:00+00:00,470157.0,399694.0,1.1763,0.1474
2016-10-11 00:00:00+00:00,456719.0,399902.0,1.1421,0.2158
2016-10-15 00:00:00+00:00,390688.0,397700.0,0.9824,0.5353
2016-10-19 00:00:00+00:00,340010.0,393481.0,0.8641,0.7718
2016-10-23 00:00:00+00:00,370500.0,392146.0,0.9448,0.6104
2016-10-27 00:00:00+00:00,544308.0,397925.0,1.3679,0.0
2016-10-31 00:00:00+00:00,456149.0,401469.0,1.1362,0.2276
2016-11-04 00:00:00+00:00,429052.0,403605.0,1.063,0.3739
2016-11-08 00:00:00+00:00,515899.0,407705.0,1.2654,0.0
2016-11-12 00:00:00+00:00,441806.0,410198.0,1.0771,0.3459
2016-11-16 00:00:00+00:00,481300.0,413838.0,1.163,0.174
2016-11-20 00:00:00+00:00,452258.0,417631.0,1.0829,0.3342
2016-11-24 00:00:00+00:00,555782.0,423709.0,1.3117,0.0
2016-11-28 00:00:00+00:00,531725.0,429945.0,1.2367,0.0265
2016-12-02 00:00:00+00:00,579169.0,436427.0,1.3271,0.0
2016-12-06 00:00:00+00:00,569492.0,441670.0,1.2894,0.0
2016-12-10 00:00:00+00:00,456468.0,443906.0,1.0283,0.4434
2016-12-14 00:00:00+00:00,495462.0,446296.0,1.1102,0.2797
2016-12-18 00:00:00+00:00,418499.0,446921.0,0.9364,0.6272
2016-12-22 00:00:00+00:00,528879.0,450931.0,1.1729,0.1543
2016-12-26 00:00:00+00:00,448558.0,454823.0,0.9862,0.5276
2016-12-30 00:00:00+00:00,496025.0,458492.0,1.0819,0.3363
2017-01-03 00:00:00+00:00,515024.0,461586.0,1.1158,0.2685
2017-01-07 00:00:00+00:00,503341.0,465670.0,1.0809,0.3382
2017-01-11 00:00:00+00:00,491693.0,468387.0,1.0498,0.4005
2017-01-15 00:00:00+00:00,417279.0,469161.0,0.8894,0.7212
2017-01-19 00:00:00+00:00,516339.0,472747.0,1.0922,0.3156
2017-01-23 00:00:00+00:00,425650.0,474360.0,0.8973,0.7054
2017-01-27 00:00:00+00:00,462951.0,475175.0,0.9743,0.5515
2017-01-31 00:00:00+00:00,523037.0,476141.0,1.0985,0.303
2017-02-04 00:00:00+00:00,500098.0,477139.0,1.0481,0.4038
2017-02-08 00:00:00+00:00,516491.0,479131.0,1.078,0.3441
2017-02-12 00:00:00+00:00,422085.0,480178.0,0.879,0.742
2017-02-16 00:00:00+00:00,489190.0,485150.0,1.0083,0.4833
2017-02-20 00:00:00+00:00,503953.0,489599.0,1.0293,0.4414
2017-02-24 00:00:00+00:00,590852.0,491150.0,1.203,0.094
2017-02-28 00:00:00+00:00,542157.0,494017.0,1.0974,0.3051
2017-03-04 00:00:00+00:00,489858.0,496044.0,0.9875,0.5249
2017-03-08 00:00:00+00:00,526233.0,496388.0,1.0601,0.3798
2017-03-12 00:00:00+00:00,422479.0,495744.0,0.8522,0.7956
2017-03-16 00:00:00+00:00,594406.0,499514.0,1.19,0.1201
2017-03-20 00:00:00+00:00,512638.0,501527.0,1.0222,0.4557
2017-03-24 00:00:00+00:00,540390.0,501014.0,1.0786,0.3428
2017-03-28 00:00:00+00:00,553957.0,501755.0,1.104,0.2919
2017-04-01 00:00:00+00:00,502791.0,499209.0,1.0072,0.4856
2017-04-05 00:00:00+00:00,577217.0,499467.0,1.1557,0.1887
2017-04-09 00:00:00+00:00,489533.0,500569.0,0.978,0.5441
2017-04-13 00:00:00+00:00,449522.0,499038.0,0.9008,0.6984
2017-04-17 00:00:00+00:00,469210.0,500728.0,0.9371,0.6259
2017-04-21 00:00:00+00:00,612636.0,503520.0,1.2167,0.0666
2017-04-25 00:00:00+00:00,580199.0,507908.0,1.1423,0.2153
2017-04-29 00:00:00+00:00,634026.0,512508.0,1.2371,0.0258
2017-05-03 00:00:00+00:00,547222.0,513581.0,1.0655,0.369
2017-05-07 00:00:00+00:00,581370.0,516182.0,1.1263,0.2474
2017-05-11 00:00:00+00:00,568522.0,518743.0,1.096,0.3081
2017-05-15 00:00:00+00:00,636240.0,526042.0,1.2095,0.081
2017-05-19 00:00:00+00:00,633618.0,529951.0,1.1956,0.1088
2017-05-23 00:00:00+00:00,687291.0,538672.0,1.2759,0.0
2017-05-27 00:00:00+00:00,651462.0,544956.0,1.1954,0.1091
2017-05-31 00:00:00+00:00,614127.0,547992.0,1.1207,0.2586
2017-06-04 00:00:00+00:00,537388.0,549235.0,0.9784,0.5431
2017-06-08 00:00:00+00:00,609713.0,552343.0,1.1039,0.2923
2017-06-12 00:00:00+00:00,538625.0,556228.0,0.9684,0.5633
2017-06-16 00:00:00+00:00,536166.0,557793.0,0.9612,0.5775
2017-06-20 00:00:00+00:00,591484.0,560711.0,1.0549,0.3902
2017-06-24 00:00:00+00:00,469728.0,556674.0,0.8438,0.8124
2017-06-28 00:00:00+00:00,549137.0,556906.0,0.986,0.5279
2017-07-02 00:00:00+00:00,409306.0,554221.0,0.7385,1.0
2017-07-06 00:00:00+00:00,459295.0,551990.0,0.8321,0.8359
2017-07-10 00:00:00+00:00,567053.0,556809.0,1.0184,0.4632
2017-07-14 00:00:00+00:00,473083.0,552765.0,0.8558,0.7883
2017-07-18 00:00:00+00:00,561056.0,554379.0,1.012,0.4759
2017-07-22 00:00:00+00:00,433136.0,550804.0,0.7864,0.9273
2017-07-26 00:00:00+00:00,460147.0,547677.0,0.8402,0.8196
2017-07-30 00:00:00+00:00,386559.0,543802.0,0.7108,1.0
2017-08-03 00:00:00+00:00,427729.0,538819.0,0.7938,0.9123
2017-08-07 00:00:00+00:00,512718.0,539592.0,0.9502,0.5996
2017-08-11 00:00:00+00:00,580988.0,543974.0,1.068,0.3639
2017-08-15 00:00:00+00:00,650900.0,550031.0,1.1834,0.1332
2017-08-19 00:00:00+00:00,535351.0,547455.0,0.9779,0.5442
2017-08-23 00:00:00+00:00,628517.0,549065.0,1.1447,0.2106
2017-08-27 00:00:00+00:00,509083.0,544900.0,0.9343,0.6315
2017-08-31 00:00:00+00:00,589298.0,546303.0,1.0787,0.3426
2017-09-04 00:00:00+00:00,561329.0,545635.0,1.0288,0.4425
2017-09-08 00:00:00+00:00,606486.0,546900.0,1.109,0.2821
2017-09-12 00:00:00+00:00,549110.0,543996.0,1.0094,0.4812
2017-09-16 00:00:00+00:00,486763.0,539101.0,0.9029,0.6942
2017-09-20 00:00:00+00:00,480583.0,532211.0,0.903,0.694
2017-09-24 00:00:00+00:00,383449.0,523277.0,0.7328,1.0
2017-09-28 00:00:00+00:00,561793.0,521532.0,1.0772,0.3456
2017-10-02 00:00:00+00:00,606138.0,523824.0,1.1571,0.1857
2017-10-06 00:00:00+00:00,609683.0,523823.0,1.1639,0.1722
2017-10-10 00:00:00+00:00,613364.0,526314.0,1.1654,0.1692
2017-10-14 00:00:00+00:00,594482.0,528258.0,1.1254,0.2493
2017-10-18 00:00:00+00:00,646494.0,530092.0,1.2196,0.0608
2017-10-22 00:00:00+00:00,573815.0,533562.0,1.0754,0.3491
2017-10-26 00:00:00+00:00,555570.0,533776.0,1.0408,0.4183
2017-10-30 00:00:00+00:00,672661.0,542554.0,1.2398,0.0204
2017-11-03 00:00:00+00:00,670963.0,549610.0,1.2208,0.0584
2017-11-07 00:00:00+00:00,714417.0,554522.0,1.2883,0.0
2017-11-11 00:00:00+00:00,459977.0,554085.0,0.8302,0.8397
2017-11-15 00:00:00+00:00,709294.0,559027.0,1.2688,0.0
2017-11-19 00:00:00+00:00,603430.0,564703.0,1.0686,0.3628
2017-11-23 00:00:00+00:00,747162.0,574270.0,1.3011,0.0
2017-11-27 00:00:00+00:00,829651.0,589040.0,1.4085,0.0
2017-12-01 00:00:00+00:00,869275.0,603758.0,1.4398,0.0
2017-12-05 00:00:00+00:00,891236.0,616375.0,1.4459,0.0
2017-12-09 00:00:00+00:00,877575.0,626262.0,1.4013,0.0
2017-12-13 00:00:00+00:00,958477.0,636514.0,1.5058,0.0
2017-12-17 00:00:00+00:00,877465.0,647918.0,1.3543,0.0
2017-12-21 00:00:00+00:00,840740.0,654992.0,1.2836,0.0
2017-12-25 00:00:00+00:00,565075.0,656858.0,0.8603,0.7795
2017-12-29 00:00:00+00:00,838926.0,665179.0,1.2612,0.0
2018-01-02 00:00:00+00:00,850802.0,674829.0,1.2608,0.0
2018-01-06 00:00:00+00:00,889099.0,684249.0,1.2994,0.0
2018-01-10 00:00:00+00:00,876990.0,695178.0,1.2615,0.0
2018-01-14 00:00:00+00:00,592042.0,698688.0,0.8474,0.8053
2018-01-18 00:00:00+00:00,744190.0,707474.0,1.0519,0.3962
2018-01-22 00:00:00+00:00,574421.0,713840.0,0.8047,0.8906
2018-01-26 00:00:00+00:00,514622.0,712268.0,0.7225,1.0
2018-01-30 00:00:00+00:00,531441.0,709778.0,0.7487,1.0
2018-02-03 00:00:00+00:00,436197.0,703995.0,0.6196,1.0
2018-02-07 00:00:00+00:00,489403.0,699863.0,0.6993,1.0
2018-02-11 00:00:00+00:00,368625.0,692334.0,0.5324,1.0
2018-02-15 00:00:00+00:00,475030.0,686619.0,0.6918,1.0
2018-02-19 00:00:00+00:00,436342.0,682037.0,0.6398,1.0
2018-02-23 00:00:00+00:00,424503.0,677668.0,0.6264,1.0
2018-02-27 00:00:00+00:00,494788.0,671739.0,0.7366,1.0
2018-03-03 00:00:00+00:00,416967.0,663272.0,0.6287,1.0
2018-03-07 00:00:00+00:00,474917.0,655289.0,0.7247,1.0
2018-03-11 00:00:00+00:00,349041.0,651591.0,0.5357,1.0
2018-03-15 00:00:00+00:00,459150.0,643253.0,0.7138,1.0
2018-03-19 00:00:00+00:00,421648.0,637193.0,0.6617,1.0
2018-03-23 00:00:00+00:00,430897.0,626651.0,0.6876,1.0
2018-03-27 00:00:00+00:00,414091.0,612799.0,0.6757,1.0
2018-03-31 00:00:00+00:00,332753.0,594915.0,0.5593,1.0
2018-04-04 00:00:00+00:00,432978.0,579640.0,0.747,1.0
2018-04-08 00:00:00+00:00,311300.0,560764.0,0.5551,1.0
2018-04-12 00:00:00+00:00,442158.0,543553.0,0.8135,0.8731
2018-04-16 00:00:00+00:00,433712.0,528762.0,0.8202,0.8595
2018-04-20 00:00:00+00:00,509923.0,517734.0,0.9849,0.5302
2018-04-24 00:00:00+00:00,548252.0,517174.0,1.0601,0.3798
2018-04-28 00:00:00+00:00,429929.0,503540.0,0.8538,0.7924
2018-05-02 00:00:00+00:00,468951.0,490812.0,0.9555,0.5891
2018-05-06 00:00:00+00:00,386315.0,474053.0,0.8149,0.8702
2018-05-10 00:00:00+00:00,465046.0,460321.0,1.0103,0.4795
2018-05-14 00:00:00+00:00,469798.0,456246.0,1.0297,0.4406
2018-05-18 00:00:00+00:00,499648.0,448095.0,1.115,0.2699
2018-05-22 00:00:00+00:00,441616.0,443668.0,0.9954,0.5093
2018-05-26 00:00:00+00:00,356716.0,438404.0,0.8137,0.8727
2018-05-30 00:00:00+00:00,443065.0,435459.0,1.0175,0.4651
2018-06-03 00:00:00+00:00,369975.0,433251.0,0.854,0.7921
2018-06-07 00:00:00+00:00,433804.0,431398.0,1.0056,0.4888
2018-06-11 00:00:00+00:00,446188.0,433983.0,1.0281,0.4438
2018-06-15 00:00:00+00:00,476263.0,434024.0,1.0973,0.3054
2018-06-19 00:00:00+00:00,413610.0,433267.0,0.9546,0.5907
2018-06-23 00:00:00+00:00,368137.0,431388.0,0.8534,0.7932
2018-06-27 00:00:00+00:00,397242.0,428136.0,0.9278,0.6443
2018-07-01 00:00:00+00:00,341862.0,425633.0,0.8032,0.8936
2018-07-05 00:00:00+00:00,413998.0,423602.0,0.9773,0.5453
2018-07-09 00:00:00+00:00,425385.0,426147.0,0.9982,0.5036
2018-07-13 00:00:00+00:00,473175.0,426614.0,1.1091,0.2817
2018-07-17 00:00:00+00:00,487160.0,428798.0,1.1361,0.2278
2018-07-21 00:00:00+00:00,385950.0,427300.0,0.9032,0.6935
2018-07-25 00:00:00+00:00,525952.0,431029.0,1.2202,0.0595
2018-07-29 00:00:00+00:00,380501.0,432620.0,0.8795,0.7409
2018-08-02 00:00:00+00:00,470017.0,433855.0,1.0834,0.3333
2018-08-06 00:00:00+00:00,452410.0,438559.0,1.0316,0.4368
2018-08-10 00:00:00+00:00,510030.0,440821.0,1.157,0.186
2018-08-14 00:00:00+00:00,514445.0,443512.0,1.1599,0.1801
2018-08-18 00:00:00+00:00,399289.0,439824.0,0.9078,0.6843
2018-08-22 00:00:00+00:00,484463.0,437698.0,1.1068,0.2863
2018-08-26 00:00:00+00:00,368938.0,435665.0,0.8468,0.8063
2018-08-30 00:00:00+00:00,463657.0,435488.0,1.0647,0.3706
2018-09-03 00:00:00+00:00,455957.0,437810.0,1.0414,0.4171
2018-09-07 00:00:00+00:00,539383.0,440288.0,1.2251,0.0499
2018-09-11 00:00:00+00:00,474061.0,440430.0,1.0764,0.3473
2018-09-15 00:00:00+00:00,427958.0,438040.0,0.977,0.546
2018-09-19 00:00:00+00:00,480228.0,439327.0,1.0931,0.3138
2018-09-23 00:00:00+00:00,401264.0,440812.0,0.9103,0.6794
2018-09-27 00:00:00+00:00,481908.0,442107.0,1.09,0.3199
2018-10-01 00:00:00+00:00,484983.0,445941.0,1.0876,0.3249
2018-10-05 00:00:00+00:00,533087.0,449250.0,1.1866,0.1268
2018-10-09 00:00:00+00:00,463257.0,449819.0,1.0299,0.4403
2018-10-13 00:00:00+00:00,400481.0,447293.0,0.8953,0.7093
2018-10-17 00:00:00+00:00,490531.0,449857.0,1.0904,0.3192
2018-10-21 00:00:00+00:00,403199.0,451026.0,0.894,0.7121
2018-10-25 00:00:00+00:00,474715.0,453608.0,1.0465,0.4069
2018-10-29 00:00:00+00:00,495174.0,458719.0,1.0795,0.3411
2018-11-02 00:00:00+00:00,565269.0,463761.0,1.2189,0.0622
2018-11-06 00:00:00+00:00,519342.0,466893.0,1.1123,0.2753
2018-11-10 00:00:00+00:00,448643.0,466075.0,0.9626,0.5748
2018-11-14 00:00:00+00:00,524970.0,467335.0,1.1233,0.2533
2018-11-18 00:00:00+00:00,393876.0,467600.0,0.8423,0.8153
2018-11-22 00:00:00+00:00,467175.0,465640.0,1.0033,0.4934
2018-11-26 00:00:00+00:00,469613.0,468611.0,1.0021,0.4957
2018-11-30 00:00:00+00:00,460123.0,468281.0,0.9826,0.5348
2018-12-04 00:00:00+00:00,492965.0,469633.0,1.0497,0.4006
2018-12-08 00:00:00+00:00,382550.0,465383.0,0.822,0.856
2018-12-12 00:00:00+00:00,439270.0,462878.0,0.949,0.602
2018-12-16 00:00:00+00:00,364388.0,461714.0,0.7892,0.9216
2018-12-20 00:00:00+00:00,475406.0,461412.0,1.0303,0.4393
2018-12-24 00:00:00+00:00,419725.0,463105.0,0.9063,0.6873
2018-12-28 00:00:00+00:00,485694.0,463840.0,1.0471,0.4058
2019-01-01 00:00:00+00:00,310120.0,458979.0,0.6757,1.0
2019-01-05 00:00:00+00:00,385489.0,453849.0,0.8494,0.8012
2019-01-09 00:00:00+00:00,463346.0,453492.0,1.0217,0.4565
2019-01-13 00:00:00+00:00,372207.0,451633.0,0.8241,0.8517
2019-01-17 00:00:00+00:00,462879.0,451055.0,1.0262,0.4476
2019-01-21 00:00:00+00:00,449404.0,452660.0,0.9928,0.5144
2019-01-25 00:00:00+00:00,492261.0,453005.0,1.0867,0.3267
2019-01-29 00:00:00+00:00,480702.0,452862.0,1.0615,0.377
2019-02-02 00:00:00+00:00,418174.0,449032.0,0.9313,0.6374
2019-02-06 00:00:00+00:00,482655.0,449678.0,1.0733,0.3533
2019-02-10 00:00:00+00:00,380922.0,449026.0,0.8483,0.8033
2019-02-14 00:00:00+00:00,473265.0,448451.0,1.0553,0.3893
2019-02-18 00:00:00+00:00,508261.0,451953.0,1.1246,0.2508
2019-02-22 00:00:00+00:00,542172.0,454201.0,1.1937,0.1126
2019-02-26 00:00:00+00:00,532149.0,455434.0,1.1684,0.1631
2019-03-02 00:00:00+00:00,481021.0,452626.0,1.0627,0.3745
2019-03-06 00:00:00+00:00,524992.0,452814.0,1.1594,0.1812
2019-03-10 00:00:00+00:00,392557.0,450944.0,0.8705,0.759
2019-03-14 00:00:00+00:00,551001.0,451812.0,1.2195,0.0609
2019-03-18 00:00:00+00:00,533680.0,456472.0,1.1691,0.1617
2019-03-22 00:00:00+00:00,550986.0,459266.0,1.1997,0.1006
2019-03-26 00:00:00+00:00,522961.0,461044.0,1.1343,0.2314
2019-03-30 00:00:00+00:00,513840.0,462835.0,1.1102,0.2796
2019-04-03 00:00:00+00:00,626468.0,467285.0,1.3407,0.0
2019-04-07 00:00:00+00:00,447559.0,469452.0,0.9534,0.5933
2019-04-11 00:00:00+00:00,620631.0,475497.0,1.3052,0.0
2019-04-15 00:00:00+00:00,576183.0,482557.0,1.194,0.112
2019-04-19 00:00:00+00:00,597098.0,486613.0,1.227,0.0459
2019-04-23 00:00:00+00:00,548492.0,490906.0,1.1173,0.2654
2019-04-27 00:00:00+00:00,460846.0,490077.0,0.9404,0.6193
2019-05-01 00:00:00+00:00,565408.0,498587.0,1.134,0.232
2019-05-05 00:00:00+00:00,460613.0,501091.0,0.9192,0.6616
2019-05-09 00:00:00+00:00,619054.0,506281.0,1.2227,0.0545
2019-05-13 00:00:00+00:00,648734.0,515499.0,1.2585,0.0
2019-05-17 00:00:00+00:00,676115.0,522607.0,1.2937,0.0
2019-05-21 00:00:00+00:00,657474.0,529542.0,1.2416,0.0168
2019-05-25 00:00:00+00:00,511153.0,530172.0,0.9641,0.5717
2019-05-29 00:00:00+00:00,680323.0,536826.0,1.2673,0.0
2019-06-02 00:00:00+00:00,489569.0,539206.0,0.9079,0.6841
2019-06-06 00:00:00+00:00,602273.0,543193.0,1.1088,0.2825
2019-06-10 00:00:00+00:00,607094.0,550732.0,1.1023,0.2953
2019-06-14 00:00:00+00:00,731367.0,559336.0,1.3076,0.0
2019-06-18 00:00:00+00:00,696937.0,565625.0,1.2322,0.0357
2019-06-22 00:00:00+00:00,643642.0,569007.0,1.1312,0.2377
2019-06-26 00:00:00+00:00,768792.0,576895.0,1.3326,0.0
2019-06-30 00:00:00+00:00,497075.0,577431.0,0.8608,0.7783
2019-07-04 00:00:00+00:00,603018.0,580031.0,1.0396,0.4207
2019-07-08 00:00:00+00:00,622449.0,587694.0,1.0591,0.3817
2019-07-12 00:00:00+00:00,637928.0,590592.0,1.0801,0.3397
2019-07-16 00:00:00+00:00,595749.0,592661.0,1.0052,0.4896
2019-07-20 00:00:00+00:00,488968.0,590594.0,0.8279,0.8441
2019-07-24 00:00:00+00:00,490408.0,589509.0,0.8319,0.8362
2019-07-28 00:00:00+00:00,391947.0,585446.0,0.6695,1.0
2019-08-01 00:00:00+00:00,558918.0,583194.0,0.9584,0.5833
2019-08-05 00:00:00+00:00,583599.0,587729.0,0.993,0.5141
2019-08-09 00:00:00+00:00,562840.0,585802.0,0.9608,0.5784
2019-08-13 00:00:00+00:00,566410.0,585476.0,0.9674,0.5651
2019-08-17 00:00:00+00:00,441149.0,580278.0,0.7602,0.9795
2019-08-21 00:00:00+00:00,599152.0,581967.0,1.0295,0.4409
2019-08-25 00:00:00+00:00,393555.0,579724.0,0.6789,1.0
2019-08-29 00:00:00+00:00,545362.0,579056.0,0.9418,0.6164
2019-09-02 00:00:00+00:00,529944.0,581367.0,0.9115,0.6769
2019-09-06 00:00:00+00:00,601748.0,580790.0,1.0361,0.4278
2019-09-10 00:00:00+00:00,564563.0,577984.0,0.9768,0.5464
2019-09-14 00:00:00+00:00,491282.0,571823.0,0.8592,0.7817
2019-09-18 00:00:00+00:00,578686.0,569197.0,1.0167,0.4667
2019-09-22 00:00:00+00:00,456990.0,567391.0,0.8054,0.8892
2019-09-26 00:00:00+00:00,554702.0,563204.0,0.9849,0.5302
2019-09-30 00:00:00+00:00,540376.0,564897.0,0.9566,0.5868
2019-10-04 00:00:00+00:00,545609.0,563009.0,0.9691,0.5618
2019-10-08 00:00:00+00:00,534935.0,560603.0,0.9542,0.5916
2019-10-12 00:00:00+00:00,452069.0,551293.0,0.82,0.86
2019-10-16 00:00:00+00:00,545056.0,546231.0,0.9978,0.5043
2019-10-20 00:00:00+00:00,437713.0,539366.0,0.8115,0.8769
2019-10-24 00:00:00+00:00,515253.0,530915.0,0.9705,0.559
2019-10-28 00:00:00+00:00,540579.0,532365.0,1.0154,0.4691
2019-11-01 00:00:00+00:00,563151.0,531036.0,1.0605,0.379
2019-11-05 00:00:00+00:00,576664.0,529510.0,1.0891,0.3219
2019-11-09 00:00:00+00:00,519291.0,525556.0,0.9881,0.5238
2019-11-13 00:00:00+00:00,555616.0,524218.0,1.0599,0.3802
2019-11-17 00:00:00+00:00,430853.0,522281.0,0.8249,0.8501
2019-11-21 00:00:00+00:00,584765.0,525426.0,1.1129,0.2741
2019-11-25 00:00:00+00:00,495578.0,528880.0,0.937,0.6259
2019-11-29 00:00:00+00:00,543960.0,528382.0,1.0295,0.441
2019-12-03 00:00:00+00:00,565368.0,527774.0,1.0712,0.3575
2019-12-07 00:00:00+00:00,465570.0,524532.0,0.8876,0.7248
2019-12-11 00:00:00+00:00,521113.0,523022.0,0.9964,0.5073
2019-12-15 00:00:00+00:00,434034.0,522785.0,0.8302,0.8395
2019-12-19 00:00:00+00:00,539310.0,520790.0,1.0356,0.4289
2019-12-24 00:00:00+00:00,493086.0,524108.0,0.9408,0.6184
2019-12-28 00:00:00+00:00,490465.0,522278.0,0.9391,0.6218
2020-01-01 00:00:00+00:00,389706.0,517603.0,0.7529,0.9942
2020-01-05 00:00:00+00:00,459065.0,512847.0,0.8951,0.7097
2020-01-09 00:00:00+00:00,553318.0,512472.0,1.0797,0.3406
2020-01-13 00:00:00+00:00,501600.0,512816.0,0.9781,0.5437
2020-01-17 00:00:00+00:00,562153.0,512265.0,1.0974,0.3052
2020-01-21 00:00:00+00:00,544525.0,515183.0,1.057,0.3861
2020-01-25 00:00:00+00:00,461312.0,512070.0,0.9009,0.6982
2020-01-29 00:00:00+00:00,573372.0,513170.0,1.1173,0.2654
2020-02-02 00:00:00+00:00,501222.0,511690.0,0.9795,0.5409
2020-02-06 00:00:00+00:00,552411.0,512273.0,1.0784,0.3433
2020-02-10 00:00:00+00:00,526825.0,514764.0,1.0234,0.4531
2020-02-14 00:00:00+00:00,564227.0,515404.0,1.0947,0.3105
2020-02-18 00:00:00+00:00,569291.0,519789.0,1.0952,0.3095
2020-02-22 00:00:00+00:00,525819.0,520142.0,1.0109,0.4782
2020-02-26 00:00:00+00:00,588558.0,521741.0,1.1281,0.2439
2020-03-01 00:00:00+00:00,505885.0,519832.0,0.9732,0.5537
2020-03-05 00:00:00+00:00,603996.0,520743.0,1.1599,0.1803
2020-03-09 00:00:00+00:00,606002.0,523634.0,1.1573,0.1854
2020-03-14 00:00:00+00:00,517382.0,522359.0,0.9905,0.5191
2020-03-18 00:00:00+00:00,476482.0,523880.0,0.9095,0.6809
2020-03-22 00:00:00+00:00,409829.0,518049.0,0.7911,0.9178
2020-03-26 00:00:00+00:00,539881.0,519526.0,1.0392,0.4216
2020-03-30 00:00:00+00:00,535787.0,519253.0,1.0318,0.4363
2020-04-03 00:00:00+00:00,548300.0,518684.0,1.0571,0.3858
2020-04-07 00:00:00+00:00,598670.0,523121.0,1.1444,0.2112
2020-04-11 00:00:00+00:00,474445.0,521565.0,0.9097,0.6807
2020-04-15 00:00:00+00:00,612959.0,527529.0,1.1619,0.1761
2020-04-19 00:00:00+00:00,485888.0,525749.0,0.9242,0.6516
2020-04-23 00:00:00+00:00,666919.0,531543.0,1.2547,0.0
2020-04-27 00:00:00+00:00,629817.0,536188.0,1.1746,0.1508
2020-05-01 00:00:00+00:00,680654.0,545886.0,1.2469,0.0062
2020-05-05 00:00:00+00:00,652289.0,552327.0,1.181,0.138
2020-05-09 00:00:00+00:00,631542.0,554935.0,1.138,0.2239
2020-05-13 00:00:00+00:00,619855.0,558877.0,1.1091,0.2818
2020-05-17 00:00:00+00:00,495954.0,556670.0,0.8909,0.7181
2020-05-21 00:00:00+00:00,624412.0,559333.0,1.1164,0.2673
2020-05-26 00:00:00+00:00,605213.0,564130.0,1.0728,0.3543
2020-05-30 00:00:00+00:00,556912.0,563581.0,0.9882,0.5237
2020-06-03 00:00:00+00:00,646746.0,568432.0,1.1378,0.2245
2020-06-07 00:00:00+00:00,487527.0,566269.0,0.8609,0.7781
2020-06-11 00:00:00+00:00,673800.0,571168.0,1.1797,0.1406
2020-06-15 00:00:00+00:00,606713.0,572584.0,1.0596,0.3808
2020-06-19 00:00:00+00:00,674050.0,576076.0,1.1701,0.1599
2020-06-23 00:00:00+00:00,704215.0,582023.0,1.2099,0.0801
2020-06-27 00:00:00+00:00,546558.0,580623.0,0.9413,0.6173
2020-07-01 00:00:00+00:00,758469.0,589042.0,1.2876,0.0
2020-07-05 00:00:00+00:00,509206.0,585883.0,0.8691,0.7617
2020-07-09 00:00:00+00:00,708162.0,589288.0,1.2017,0.0965
2020-07-13 00:00:00+00:00,638906.0,593339.0,1.0768,0.3464
2020-07-17 00:00:00+00:00,629600.0,598443.0,1.0521,0.3959
2020-07-21 00:00:00+00:00,660884.0,606811.0,1.0891,0.3218
2020-07-25 00:00:00+00:00,619497.0,609465.0,1.0165,0.4671
2020-07-29 00:00:00+00:00,717842.0,615533.0,1.1662,0.1676
2020-08-02 00:00:00+00:00,616214.0,617797.0,0.9974,0.5051
2020-08-06 00:00:00+00:00,762479.0,623258.0,1.2234,0.0532
2020-08-10 00:00:00+00:00,683507.0,630226.0,1.0845,0.3309
2020-08-14 00:00:00+00:00,755913.0,634991.0,1.1904,0.1191
2020-08-18 00:00:00+00:00,739835.0,643456.0,1.1498,0.2004
2020-08-22 00:00:00+00:00,649053.0,642861.0,1.0096,0.4807
2020-08-26 00:00:00+00:00,696908.0,645097.0,1.0803,0.3394
2020-08-30 00:00:00+00:00,555079.0,640911.0,0.8661,0.7678
2020-09-03 00:00:00+00:00,691592.0,642221.0,1.0769,0.3463
2020-09-07 00:00:00+00:00,672721.0,643594.0,1.0453,0.4095
2020-09-11 00:00:00+00:00,677215.0,645506.0,1.0491,0.4018
2020-09-15 00:00:00+00:00,718787.0,652934.0,1.1009,0.2983
2020-09-19 00:00:00+00:00,624125.0,652924.0,0.9559,0.5882
2020-09-23 00:00:00+00:00,733591.0,657204.0,1.1162,0.2675
2020-09-27 00:00:00+00:00,538619.0,656594.0,0.8203,0.8594
2020-10-01 00:00:00+00:00,679937.0,657700.0,1.0338,0.4324
2020-10-05 00:00:00+00:00,635097.0,662619.0,0.9585,0.5831
2020-10-09 00:00:00+00:00,714645.0,663981.0,1.0763,0.3474
2020-10-13 00:00:00+00:00,732250.0,668165.0,1.0959,0.3082
2020-10-17 00:00:00+00:00,586741.0,665255.0,0.882,0.736
2020-10-21 00:00:00+00:00,687152.0,664686.0,1.0338,0.4324
2020-10-25 00:00:00+00:00,547380.0,664714.0,0.8235,0.853
2020-10-29 00:00:00+00:00,652778.0,661190.0,0.9873,0.5254
2020-11-02 00:00:00+00:00,543348.0,662329.0,0.8204,0.8593
2020-11-06 00:00:00+00:00,756129.0,663927.0,1.1389,0.2223
2020-11-10 00:00:00+00:00,684892.0,665460.0,1.0292,0.4416
2020-11-14 00:00:00+00:00,613373.0,664919.0,0.9225,0.655
2020-11-18 00:00:00+00:00,807705.0,669813.0,1.2059,0.0883
2020-11-22 00:00:00+00:00,587237.0,668738.0,0.8781,0.7437
2020-11-26 00:00:00+00:00,736612.0,669364.0,1.1005,0.2991
2020-11-30 00:00:00+00:00,623554.0,669608.0,0.9312,0.6376
2020-12-04 00:00:00+00:00,729984.0,668525.0,1.0919,0.3161
2020-12-08 00:00:00+00:00,737193.0,670315.0,1.0998,0.3005
2020-12-12 00:00:00+00:00,654893.0,666948.0,0.9819,0.5361
2020-12-16 00:00:00+00:00,751162.0,667325.0,1.1256,0.2487
2020-12-20 00:00:00+00:00,638816.0,666984.0,0.9578,0.5845
2020-12-24 00:00:00+00:00,639280.0,665063.0,0.9612,0.5775
2020-12-28 00:00:00+00:00,717073.0,670463.0,1.0695,0.361
2021-01-01 00:00:00+00:00,609741.0,667734.0,0.9131,0.6737
2021-01-05 00:00:00+00:00,845343.0,673488.0,1.2552,0.0
2021-01-09 00:00:00+00:00,760179.0,676254.0,1.1241,0.2518
2021-01-13 00:00:00+00:00,772596.0,678048.0,1.1394,0.2211
2021-01-17 00:00:00+00:00,642730.0,678668.0,0.947,0.6059
2021-01-21 00:00:00+00:00,736588.0,678768.0,1.0852,0.3296
2021-01-25 00:00:00+00:00,732867.0,685242.0,1.0695,0.361
2021-01-29 00:00:00+00:00,888960.0,692210.0,1.2842,0.0
2021-02-02 00:00:00+00:00,865515.0,699891.0,1.2366,0.0267
2021-02-06 00:00:00+00:00,795079.0,702572.0,1.1317,0.2367
2021-02-10 00:00:00+00:00,861426.0,706878.0,1.2186,0.0627
2021-02-14 00:00:00+00:00,698818.0,710613.0,0.9834,0.5332
2021-02-18 00:00:00+00:00,820203.0,715048.0,1.1471,0.2059
2021-02-22 00:00:00+00:00,761941.0,722200.0,1.055,0.3899
2021-02-26 00:00:00+00:00,817077.0,727677.0,1.1229,0.2543
2021-03-02 00:00:00+00:00,810035.0,736567.0,1.0997,0.3005
2021-03-06 00:00:00+00:00,677322.0,733940.0,0.9229,0.6543
2021-03-10 00:00:00+00:00,833186.0,738883.0,1.1276,0.2447
2021-03-14 00:00:00+00:00,736008.0,742971.0,0.9906,0.5187
2021-03-18 00:00:00+00:00,885634.0,745568.0,1.1879,0.1243
2021-03-22 00:00:00+00:00,781908.0,752057.0,1.0397,0.4206
2021-03-26 00:00:00+00:00,790548.0,753855.0,1.0487,0.4027
2021-03-30 00:00:00+00:00,826466.0,760619.0,1.0866,0.3269
2021-04-03 00:00:00+00:00,704293.0,759763.0,0.927,0.646
2021-04-07 00:00:00+00:00,860993.0,763889.0,1.1271,0.2458
2021-04-11 00:00:00+00:00,653736.0,763851.0,0.8558,0.7883
2021-04-15 00:00:00+00:00,952400.0,770559.0,1.236,0.028
2021-04-19 00:00:00+00:00,674744.0,771756.0,0.8743,0.7514
2021-04-23 00:00:00+00:00,794322.0,776924.0,1.0224,0.4552
2021-04-27 00:00:00+00:00,748381.0,777968.0,0.962,0.5761
2021-05-01 00:00:00+00:00,677778.0,780236.0,0.8687,0.7626
2021-05-05 00:00:00+00:00,808208.0,778998.0,1.0375,0.425
2021-05-09 00:00:00+00:00,690253.0,776667.0,0.8887,0.7225
2021-05-13 00:00:00+00:00,806882.0,777810.0,1.0374,0.4252
2021-05-17 00:00:00+00:00,684281.0,779195.0,0.8782,0.7436
2021-05-21 00:00:00+00:00,695822.0,777836.0,0.8946,0.7109
2021-05-25 00:00:00+00:00,640506.0,774758.0,0.8267,0.8466
2021-05-29 00:00:00+00:00,537305.0,763036.0,0.7042,1.0
2021-06-02 00:00:00+00:00,663855.0,756314.0,0.8778,0.7445
2021-06-06 00:00:00+00:00,467665.0,745400.0,0.6274,1.0
2021-06-10 00:00:00+00:00,679752.0,739344.0,0.9194,0.6612
2021-06-14 00:00:00+00:00,624698.0,736873.0,0.8478,0.8045
2021-06-18 00:00:00+00:00,567037.0,728435.0,0.7784,0.9431
2021-06-22 00:00:00+00:00,550948.0,721401.0,0.7637,0.9726
2021-06-26 00:00:00+00:00,490112.0,710503.0,0.6898,1.0
2021-06-30 00:00:00+00:00,567655.0,702423.0,0.8081,0.8837
2021-07-04 00:00:00+00:00,467442.0,695427.0,0.6722,1.0
2021-07-08 00:00:00+00:00,580441.0,687002.0,0.8449,0.8102
2021-07-12 00:00:00+00:00,560833.0,681163.0,0.8233,0.8533
2021-07-16 00:00:00+00:00,552751.0,670067.0,0.8249,0.8502
2021-07-20 00:00:00+00:00,571829.0,663065.0,0.8624,0.7752
2021-07-24 00:00:00+00:00,497255.0,653288.0,0.7612,0.9777
2021-07-28 00:00:00+00:00,605433.0,645920.0,0.9373,0.6254
2021-08-01 00:00:00+00:00,474430.0,638258.0,0.7433,1.0
2021-08-05 00:00:00+00:00,614597.0,630045.0,0.9755,0.549
2021-08-09 00:00:00+00:00,611235.0,628628.0,0.9723,0.5553
2021-08-13 00:00:00+00:00,639596.0,618202.0,1.0346,0.4308
2021-08-17 00:00:00+00:00,618951.0,616342.0,1.0042,0.4915
2021-08-21 00:00:00+00:00,555440.0,608379.0,0.913,0.674
2021-08-25 00:00:00+00:00,636566.0,604652.0,1.0528,0.3944
2021-08-29 00:00:00+00:00,474721.0,597883.0,0.794,0.912
2021-09-02 00:00:00+00:00,714181.0,594749.0,1.2008,0.0984
2021-09-06 00:00:00+00:00,627019.0,592641.0,1.058,0.384
2021-09-10 00:00:00+00:00,640477.0,587094.0,1.0909,0.3181
2021-09-14 00:00:00+00:00,646621.0,585839.0,1.1038,0.2925
2021-09-18 00:00:00+00:00,561878.0,581374.0,0.9665,0.5671
2021-09-22 00:00:00+00:00,645903.0,581554.0,1.1106,0.2787
2021-09-26 00:00:00+00:00,494512.0,580128.0,0.8524,0.7952
2021-09-30 00:00:00+00:00,706763.0,581558.0,1.2153,0.0694
2021-10-04 00:00:00+00:00,650133.0,587640.0,1.1063,0.2873
2021-10-08 00:00:00+00:00,689788.0,587975.0,1.1732,0.1537
2021-10-12 00:00:00+00:00,673664.0,589607.0,1.1426,0.2149
2021-10-16 00:00:00+00:00,674026.0,593173.0,1.1363,0.2274
2021-10-20 00:00:00+00:00,713105.0,598579.0,1.1913,0.1173
2021-10-24 00:00:00+00:00,554996.0,600741.0,0.9239,0.6523
2021-10-28 00:00:00+00:00,749957.0,606818.0,1.2359,0.0282
2021-11-01 00:00:00+00:00,732119.0,615641.0,1.1892,0.1216
2021-11-05 00:00:00+00:00,721315.0,620336.0,1.1628,0.1744
2021-11-09 00:00:00+00:00,796734.0,628200.0,1.2683,0.0
2021-11-13 00:00:00+00:00,628022.0,630709.0,0.9957,0.5085
2021-11-17 00:00:00+00:00,708703.0,635271.0,1.1156,0.2688
2021-11-21 00:00:00+00:00,586185.0,638236.0,0.9184,0.6631
2021-11-25 00:00:00+00:00,741152.0,642760.0,1.1531,0.1938
2021-11-29 00:00:00+00:00,727580.0,651198.0,1.1173,0.2654
2021-12-03 00:00:00+00:00,738749.0,655336.0,1.1273,0.2454
2021-12-07 00:00:00+00:00,725368.0,659141.0,1.1005,0.299
2021-12-11 00:00:00+00:00,599422.0,657802.0,0.9113,0.6775
2021-12-15 00:00:00+00:00,707659.0,660759.0,1.071,0.358
2021-12-19 00:00:00+00:00,557914.0,660841.0,0.8442,0.8115
2021-12-23 00:00:00+00:00,744101.0,664426.0,1.1199,0.2602
2021-12-27 00:00:00+00:00,674082.0,671071.0,1.0045,0.491
2021-12-31 00:00:00+00:00,703405.0,670712.0,1.0487,0.4025
2022-01-04 00:00:00+00:00,680570.0,672497.0,1.012,0.476
2022-01-08 00:00:00+00:00,591014.0,670848.0,0.881,0.738
2022-01-12 00:00:00+00:00,679922.0,671958.0,1.0119,0.4763
2022-01-16 00:00:00+00:00,569876.0,672225.0,0.8477,0.8045
2022-01-20 00:00:00+00:00,683613.0,673482.0,1.015,0.4699
2022-01-24 00:00:00+00:00,668850.0,679293.0,0.9846,0.5307
2022-01-28 00:00:00+00:00,680599.0,678421.0,1.0032,0.4936
2022-02-01 00:00:00+00:00,687763.0,679675.0,1.0119,0.4762
2022-02-05 00:00:00+00:00,673249.0,679124.0,0.9913,0.5173
2022-02-09 00:00:00+00:00,663348.0,678780.0,0.9773,0.5455
2022-02-13 00:00:00+00:00,590527.0,675997.0,0.8736,0.7529
2022-02-17 00:00:00+00:00,665429.0,674407.0,0.9867,0.5266
2022-02-21 00:00:00+00:00,615656.0,676429.0,0.9102,0.6797
2022-02-25 00:00:00+00:00,687447.0,674346.0,1.0194,0.4611
2022-03-01 00:00:00+00:00,722863.0,674037.0,1.0724,0.3551
2022-03-05 00:00:00+00:00,594977.0,669826.0,0.8883,0.7235
2022-03-09 00:00:00+00:00,702360.0,666680.0,1.0535,0.393
2022-03-13 00:00:00+00:00,554544.0,664231.0,0.8349,0.8303
2022-03-17 00:00:00+00:00,743399.0,665387.0,1.1172,0.2655
2022-03-21 00:00:00+00:00,663684.0,667971.0,0.9936,0.5128
2022-03-25 00:00:00+00:00,752938.0,668364.0,1.1265,0.2469
2022-03-29 00:00:00+00:00,706611.0,667665.0,1.0583,0.3833
2022-04-02 00:00:00+00:00,660755.0,665065.0,0.9935,0.513
2022-04-06 00:00:00+00:00,666088.0,663089.0,1.0045,0.491
2022-04-10 00:00:00+00:00,551596.0,661495.0,0.8339,0.8323
2022-04-14 00:00:00+00:00,673582.0,660359.0,1.02,0.46
2022-04-18 00:00:00+00:00,631282.0,662804.0,0.9524,0.5951
2022-04-22 00:00:00+00:00,671463.0,660383.0,1.0168,0.4664
2022-04-26 00:00:00+00:00,689345.0,660892.0,1.0431,0.4139
2022-04-30 00:00:00+00:00,684282.0,660254.0,1.0364,0.4272
2022-05-04 00:00:00+00:00,615048.0,658070.0,0.9346,0.6308
2022-05-08 00:00:00+00:00,597305.0,658280.0,0.9074,0.6853
2022-05-12 00:00:00+00:00,730516.0,659966.0,1.1069,0.2862
2022-05-16 00:00:00+00:00,663779.0,663097.0,1.001,0.4979
2022-05-20 00:00:00+00:00,668605.0,662596.0,1.0091,0.4819
2022-05-24 00:00:00+00:00,600094.0,660304.0,0.9088,0.6824
2022-05-28 00:00:00+00:00,576357.0,656830.0,0.8775,0.745
2022-06-01 00:00:00+00:00,683372.0,656683.0,1.0406,0.4187
2022-06-05 00:00:00+00:00,538083.0,652178.0,0.8251,0.8499
2022-06-09 00:00:00+00:00,661923.0,652130.0,1.015,0.47
2022-06-13 00:00:00+00:00,708381.0,656059.0,1.0798,0.3405
2022-06-17 00:00:00+00:00,663831.0,656006.0,1.0119,0.4761
2022-06-21 00:00:00+00:00,647716.0,657074.0,0.9858,0.5285
2022-06-25 00:00:00+00:00,557791.0,652752.0,0.8545,0.791
2022-06-29 00:00:00+00:00,654949.0,650489.0,1.0069,0.4863
2022-07-03 00:00:00+00:00,548190.0,648929.0,0.8448,0.8105
2022-07-07 00:00:00+00:00,691644.0,648572.0,1.0664,0.3672
2022-07-11 00:00:00+00:00,590261.0,649762.0,0.9084,0.6831
2022-07-15 00:00:00+00:00,661194.0,647022.0,1.0219,0.4562
2022-07-19 00:00:00+00:00,682638.0,647654.0,1.054,0.392
2022-07-23 00:00:00+00:00,572761.0,641648.0,0.8926,0.7147
2022-07-27 00:00:00+00:00,644191.0,639567.0,1.0072,0.4855
2022-07-31 00:00:00+00:00,561055.0,636244.0,0.8818,0.7364
2022-08-04 00:00:00+00:00,695558.0,637226.0,1.0915,0.3169
2022-08-08 00:00:00+00:00,652517.0,640590.0,1.0186,0.4628
2022-08-12 00:00:00+00:00,703328.0,641582.0,1.0962,0.3075
2022-08-16 00:00:00+00:00,677726.0,643130.0,1.0538,0.3924
2022-08-20 00:00:00+00:00,597278.0,640657.0,0.9323,0.6354
2022-08-24 00:00:00+00:00,649399.0,639326.0,1.0158,0.4685
2022-08-28 00:00:00+00:00,547812.0,634777.0,0.863,0.774
2022-09-01 00:00:00+00:00,685449.0,637123.0,1.0758,0.3483
2022-09-05 00:00:00+00:00,628765.0,638172.0,0.9853,0.5295
2022-09-09 00:00:00+00:00,753468.0,638937.0,1.1793,0.1415
2022-09-13 00:00:00+00:00,663498.0,638928.0,1.0385,0.4231
2022-09-17 00:00:00+00:00,641808.0,638035.0,1.0059,0.4882
2022-09-21 00:00:00+00:00,632611.0,639118.0,0.9898,0.5204
2022-09-25 00:00:00+00:00,574037.0,639041.0,0.8983,0.7034
2022-09-29 00:00:00+00:00,652313.0,638006.0,1.0224,0.4552
2022-10-03 00:00:00+00:00,656236.0,641944.0,1.0223,0.4555
2022-10-07 00:00:00+00:00,675013.0,642381.0,1.0508,0.3984
2022-10-11 00:00:00+00:00,635320.0,639945.0,0.9928,0.5145
2022-10-15 00:00:00+00:00,612380.0,638230.0,0.9595,0.581
2022-10-19 00:00:00+00:00,612805.0,637066.0,0.9619,0.5762
2022-10-23 00:00:00+00:00,582380.0,637886.0,0.913,0.674
2022-10-27 00:00:00+00:00,648360.0,637666.0,1.0168,0.4665
2022-10-31 00:00:00+00:00,667561.0,641646.0,1.0404,0.4192
2022-11-04 00:00:00+00:00,689430.0,641572.0,1.0746,0.3508
2022-11-08 00:00:00+00:00,719305.0,645873.0,1.1137,0.2726
2022-11-12 00:00:00+00:00,677645.0,646422.0,1.0483,0.4034
2022-11-16 00:00:00+00:00,670368.0,646013.0,1.0377,0.4246
2022-11-20 00:00:00+00:00,595776.0,646780.0,0.9211,0.6577
2022-11-24 00:00:00+00:00,642832.0,646734.0,0.994,0.5121
2022-11-28 00:00:00+00:00,630827.0,649060.0,0.9719,0.5562
2022-12-02 00:00:00+00:00,686664.0,648764.0,1.0584,0.3832
2022-12-06 00:00:00+00:00,637825.0,648274.0,0.9839,0.5322
2022-12-10 00:00:00+00:00,617455.0,645412.0,0.9567,0.5866
2022-12-14 00:00:00+00:00,673994.0,645287.0,1.0445,0.411
2022-12-18 00:00:00+00:00,559608.0,644031.0,0.8689,0.7622
2022-12-22 00:00:00+00:00,665463.0,644567.0,1.0324,0.4352
2022-12-26 00:00:00+00:00,548937.0,644604.0,0.8516,0.7968
2022-12-30 00:00:00+00:00,726125.0,645960.0,1.1241,0.2518
2023-01-03 00:00:00+00:00,645565.0,646520.0,0.9985,0.503
2023-01-07 00:00:00+00:00,601071.0,641440.0,0.9371,0.6259
2023-01-11 00:00:00+00:00,661284.0,641367.0,1.0311,0.4379
2023-01-15 00:00:00+00:00,605147.0,640145.0,0.9453,0.6093
2023-01-19 00:00:00+00:00,684950.0,641889.0,1.0671,0.3658
2023-01-23 00:00:00+00:00,651866.0,644484.0,1.0115,0.4771
2023-01-27 00:00:00+00:00,699439.0,646054.0,1.0826,0.3347
2023-01-31 00:00:00+00:00,709466.0,647829.0,1.0951,0.3097
2023-02-04 00:00:00+00:00,691143.0,648366.0,1.066,0.368
2023-02-08 00:00:00+00:00,682912.0,649953.0,1.0507,0.3986
2023-02-12 00:00:00+00:00,617837.0,650135.0,0.9503,0.5994
2023-02-16 00:00:00+00:00,759215.0,655015.0,1.1591,0.1818
2023-02-20 00:00:00+00:00,615969.0,656135.0,0.9388,0.6224
2023-02-24 00:00:00+00:00,695824.0,657717.0,1.0579,0.3841
2023-02-28 00:00:00+00:00,731797.0,659858.0,1.109,0.282
2023-03-04 00:00:00+00:00,678996.0,659510.0,1.0295,0.4409
2023-03-08 00:00:00+00:00,656385.0,657413.0,0.9984,0.5031
2023-03-12 00:00:00+00:00,621363.0,655537.0,0.9479,0.6043
2023-03-16 00:00:00+00:00,687640.0,656112.0,1.0481,0.4039
2023-03-20 00:00:00+00:00,725399.0,660433.0,1.0984,0.3033
2023-03-24 00:00:00+00:00,683787.0,661798.0,1.0332,0.4335
2023-03-28 00:00:00+00:00,684623.0,663592.0,1.0317,0.4366
2023-04-01 00:00:00+00:00,702374.0,664115.0,1.0576,0.3848
2023-04-05 00:00:00+00:00,719774.0,666847.0,1.0794,0.3413
2023-04-09 00:00:00+00:00,570129.0,665269.0,0.857,0.786
2023-04-13 00:00:00+00:00,720191.0,666809.0,1.0801,0.3399
2023-04-17 00:00:00+00:00,665181.0,670328.0,0.9923,0.5154
2023-04-21 00:00:00+00:00,771581.0,673866.0,1.145,0.21
2023-04-25 00:00:00+00:00,663868.0,677697.0,0.9796,0.5408
2023-04-29 00:00:00+00:00,628996.0,674459.0,0.9326,0.6348
2023-05-03 00:00:00+00:00,728440.0,677222.0,1.0756,0.3487
2023-05-07 00:00:00+00:00,482095.0,673256.0,0.7161,1.0
2023-05-11 00:00:00+00:00,596717.0,671103.0,0.8892,0.7217
2023-05-15 00:00:00+00:00,579485.0,670248.0,0.8646,0.7708
2023-05-19 00:00:00+00:00,664491.0,669566.0,0.9924,0.5152
2023-05-23 00:00:00+00:00,636984.0,669070.0,0.952,0.5959
2023-05-27 00:00:00+00:00,672783.0,668182.0,1.0069,0.4862
2023-05-31 00:00:00+00:00,709100.0,668169.0,1.0613,0.3775
2023-06-04 00:00:00+00:00,588801.0,664758.0,0.8857,0.7285
2023-06-08 00:00:00+00:00,682296.0,664737.0,1.0264,0.4472
2023-06-12 00:00:00+00:00,617352.0,664721.0,0.9287,0.6425
2023-06-16 00:00:00+00:00,765014.0,664914.0,1.1505,0.1989
2023-06-20 00:00:00+00:00,746599.0,669269.0,1.1155,0.2689
2023-06-24 00:00:00+00:00,683837.0,668869.0,1.0224,0.4552
2023-06-28 00:00:00+00:00,627350.0,665388.0,0.9428,0.6143
2023-07-02 00:00:00+00:00,534333.0,660566.0,0.8089,0.8822
2023-07-06 00:00:00+00:00,709055.0,662321.0,1.0706,0.3589
2023-07-10 00:00:00+00:00,679425.0,664257.0,1.0228,0.4543
2023-07-14 00:00:00+00:00,760021.0,666669.0,1.14,0.2199
2023-07-18 00:00:00+00:00,775244.0,668331.0,1.16,0.1801
2023-07-22 00:00:00+00:00,556589.0,664091.0,0.8381,0.8238
2023-07-26 00:00:00+00:00,737067.0,665839.0,1.107,0.2861
2023-07-30 00:00:00+00:00,800500.0,669110.0,1.1964,0.1073
2023-08-03 00:00:00+00:00,716303.0,668994.0,1.0707,0.3586
2023-08-07 00:00:00+00:00,676210.0,672530.0,1.0055,0.4891
2023-08-11 00:00:00+00:00,733810.0,672984.0,1.0904,0.3192
2023-08-15 00:00:00+00:00,786113.0,677015.0,1.1611,0.1777
2023-08-19 00:00:00+00:00,628343.0,672241.0,0.9347,0.6306
2023-08-23 00:00:00+00:00,652036.0,671846.0,0.9705,0.559
2023-08-27 00:00:00+00:00,606069.0,671082.0,0.9031,0.6938
2023-08-31 00:00:00+00:00,742110.0,671538.0,1.1051,0.2898
2023-09-04 00:00:00+00:00,730142.0,679806.0,1.074,0.3519
2023-09-08 00:00:00+00:00,694292.0,683058.0,1.0164,0.4671
2023-09-12 00:00:00+00:00,784703.0,689899.0,1.1374,0.2252
2023-09-16 00:00:00+00:00,876224.0,696957.0,1.2572,0.0
2023-09-20 00:00:00+00:00,823616.0,703178.0,1.1713,0.1574
2023-09-24 00:00:00+00:00,685778.0,703611.0,0.9747,0.5507
2023-09-28 00:00:00+00:00,639899.0,701304.0,0.9124,0.6751
2023-10-02 00:00:00+00:00,691873.0,704740.0,0.9817,0.5365
2023-10-06 00:00:00+00:00,679001.0,704630.0,0.9636,0.5727
2023-10-10 00:00:00+00:00,629505.0,705035.0,0.8929,0.7143
2023-10-14 00:00:00+00:00,612783.0,699961.0,0.8755,0.7491
2023-10-18 00:00:00+00:00,613906.0,695538.0,0.8826,0.7347
2023-10-22 00:00:00+00:00,577606.0,691997.0,0.8347,0.8306
2023-10-26 00:00:00+00:00,778594.0,697038.0,1.117,0.266
2023-10-30 00:00:00+00:00,779588.0,705214.0,1.1055,0.2891
2023-11-03 00:00:00+00:00,789502.0,707895.0,1.1153,0.2694
2023-11-07 00:00:00+00:00,737771.0,709840.0,1.0393,0.4213
2023-11-11 00:00:00+00:00,894325.0,714317.0,1.252,0.0
2023-11-15 00:00:00+00:00,770577.0,714161.0,1.079,0.342
2023-11-19 00:00:00+00:00,806772.0,722501.0,1.1166,0.2667
2023-11-23 00:00:00+00:00,771284.0,723641.0,1.0658,0.3683
2023-11-27 00:00:00+00:00,759608.0,722278.0,1.0517,0.3966
2023-12-01 00:00:00+00:00,844580.0,726554.0,1.1624,0.1751
2023-12-05 00:00:00+00:00,674260.0,726489.0,0.9281,0.6438
2023-12-09 00:00:00+00:00,739198.0,726669.0,1.0172,0.4655
2023-12-13 00:00:00+00:00,617899.0,721061.0,0.8569,0.7861
2023-12-17 00:00:00+00:00,570690.0,719140.0,0.7936,0.9129
2023-12-21 00:00:00+00:00,699086.0,720708.0,0.97,0.56
2023-12-25 00:00:00+00:00,572121.0,719576.0,0.7951,0.9098
2023-12-29 00:00:00+00:00,703116.0,718277.0,0.9789,0.5422
2024-01-02 00:00:00+00:00,550846.0,712300.0,0.7733,0.9533
2024-01-06 00:00:00+00:00,572161.0,708229.0,0.8079,0.8842
2024-01-10 00:00:00+00:00,605995.0,702272.0,0.8629,0.7742
2024-01-14 00:00:00+00:00,616604.0,693618.0,0.889,0.7221
2024-01-18 00:00:00+00:00,678147.0,688769.0,0.9846,0.5308
2024-01-22 00:00:00+00:00,620801.0,686603.0,0.9042,0.6917
2024-01-26 00:00:00+00:00,683719.0,688064.0,0.9937,0.5126
2024-01-30 00:00:00+00:00,687547.0,687920.0,0.9995,0.5011
2024-02-03 00:00:00+00:00,668270.0,687562.0,0.9719,0.5561
2024-02-07 00:00:00+00:00,640781.0,687938.0,0.9315,0.6371
2024-02-11 00:00:00+00:00,558692.0,686135.0,0.8143,0.8715
2024-02-15 00:00:00+00:00,612859.0,686100.0,0.8933,0.7135
2024-02-19 00:00:00+00:00,617452.0,687428.0,0.8982,0.7036
2024-02-23 00:00:00+00:00,679759.0,684134.0,0.9936,0.5128
2024-02-27 00:00:00+00:00,674490.0,680630.0,0.991,0.518
2024-03-02 00:00:00+00:00,623680.0,675103.0,0.9238,0.6523
2024-03-06 00:00:00+00:00,681667.0,673233.0,1.0125,0.4749
2024-03-10 00:00:00+00:00,627815.0,664349.0,0.945,0.61
2024-03-14 00:00:00+00:00,663447.0,660778.0,1.004,0.4919
2024-03-18 00:00:00+00:00,673489.0,656335.0,1.0261,0.4477
2024-03-22 00:00:00+00:00,679058.0,653261.0,1.0395,0.421
2024-03-26 00:00:00+00:00,648004.0,649541.0,0.9976,0.5047
2024-03-30 00:00:00+00:00,614851.0,641883.0,0.9579,0.5842
2024-04-03 00:00:00+00:00,714141.0,643213.0,1.1103,0.2795
2024-04-07 00:00:00+00:00,652726.0,640330.0,1.0194,0.4613
2024-04-11 00:00:00+00:00,631803.0,640794.0,0.986,0.5281
2024-04-15 00:00:00+00:00,666015.0,643971.0,1.0342,0.4315
2024-04-19 00:00:00+00:00,727141.0,644907.0,1.1275,0.245
2024-04-23 00:00:00+00:00,441797.0,640562.0,0.6897,1.0
2024-04-27 00:00:00+00:00,673970.0,639591.0,1.0538,0.3925
2024-05-01 00:00:00+00:00,587665.0,640818.0,0.9171,0.6659
2024-05-05 00:00:00+00:00,429326.0,636057.0,0.675,1.0
2024-05-09 00:00:00+00:00,513026.0,632958.0,0.8105,0.879
2024-05-13 00:00:00+00:00,466123.0,627942.0,0.7423,1.0
2024-05-17 00:00:00+00:00,514199.0,622477.0,0.8261,0.8479
2024-05-21 00:00:00+00:00,508542.0,618735.0,0.8219,0.8562
2024-05-25 00:00:00+00:00,465497.0,611461.0,0.7613,0.9774
2024-05-29 00:00:00+00:00,449070.0,603512.0,0.7441,1.0
2024-06-02 00:00:00+00:00,393004.0,594336.0,0.6612,1.0
2024-06-06 00:00:00+00:00,476121.0,588848.0,0.8086,0.8829
2024-06-10 00:00:00+00:00,473053.0,585993.0,0.8073,0.8855
2024-06-14 00:00:00+00:00,475827.0,581425.0,0.8184,0.8632
2024-06-18 00:00:00+00:00,484883.0,577006.0,0.8403,0.8193
2024-06-22 00:00:00+00:00,456727.0,569572.0,0.8019,0.8962
2024-06-26 00:00:00+00:00,476277.0,562965.0,0.846,0.808
2024-06-30 00:00:00+00:00,465981.0,557708.0,0.8355,0.8289
2024-07-04 00:00:00+00:00,487582.0,551239.0,0.8845,0.731
2024-07-08 00:00:00+00:00,534832.0,548139.0,0.9757,0.5486
2024-07-12 00:00:00+00:00,486027.0,542225.0,0.8964,0.7073
2024-07-16 00:00:00+00:00,492843.0,536204.0,0.9191,0.6617
2024-07-20 00:00:00+00:00,444989.0,528401.0,0.8421,0.8157
2024-07-24 00:00:00+00:00,484767.0,522960.0,0.927,0.6461
2024-07-28 00:00:00+00:00,431944.0,516863.0,0.8357,0.8286
2024-08-01 00:00:00+00:00,550192.0,511398.0,1.0759,0.3483
2024-08-05 00:00:00+00:00,572484.0,508724.0,1.1253,0.2493
2024-08-09 00:00:00+00:00,505594.0,504517.0,1.0021,0.4957
2024-08-13 00:00:00+00:00,499256.0,498958.0,1.0006,0.4988
2024-08-17 00:00:00+00:00,468048.0,490322.0,0.9546,0.5909
2024-08-21 00:00:00+00:00,528523.0,493212.0,1.0716,0.3568
2024-08-25 00:00:00+00:00,410926.0,484444.0,0.8482,0.8035
2024-08-29 00:00:00+00:00,537264.0,482764.0,1.1129,0.2742
2024-09-02 00:00:00+00:00,497761.0,485045.0,1.0262,0.4476
2024-09-06 00:00:00+00:00,541499.0,485994.0,1.1142,0.2716
2024-09-10 00:00:00+00:00,496236.0,486998.0,1.019,0.4621
2024-09-14 00:00:00+00:00,497081.0,486428.0,1.0219,0.4562
2024-09-18 00:00:00+00:00,503606.0,486263.0,1.0357,0.4287
2024-09-22 00:00:00+00:00,439610.0,485400.0,0.9057,0.6887
2024-09-26 00:00:00+00:00,515965.0,487630.0,1.0581,0.3838
2024-09-30 00:00:00+00:00,513555.0,491648.0,1.0446,0.4109
2024-10-04 00:00:00+00:00,553982.0,494244.0,1.1209,0.2583
2024-10-08 00:00:00+00:00,556194.0,497015.0,1.1191,0.2619
2024-10-12 00:00:00+00:00,440477.0,495837.0,0.8884,0.7233
2024-10-16 00:00:00+00:00,465015.0,495175.0,0.9391,0.6218
2024-10-20 00:00:00+00:00,462770.0,495376.0,0.9342,0.6316
2024-10-24 00:00:00+00:00,453818.0,494627.0,0.9175,0.665
2024-10-28 00:00:00+00:00,535356.0,496940.0,1.0773,0.3454
2024-11-01 00:00:00+00:00,556938.0,499252.0,1.1155,0.2689
2024-11-05 00:00:00+00:00,548496.0,499707.0,1.0976,0.3047
2024-11-09 00:00:00+00:00,502341.0,500251.0,1.0042,0.4916
2024-11-13 00:00:00+00:00,636591.0,505043.0,1.2605,0.0
2024-11-17 00:00:00+00:00,518085.0,507479.0,1.0209,0.4582
2024-11-21 00:00:00+00:00,666198.0,513527.0,1.2973,0.0
2024-11-25 00:00:00+00:00,593158.0,518901.0,1.1431,0.2138
2024-11-29 00:00:00+00:00,551876.0,518957.0,1.0634,0.3731
2024-12-03 00:00:00+00:00,613585.0,520327.0,1.1792,0.1415
2024-12-07 00:00:00+00:00,523611.0,520927.0,1.0052,0.4897
2024-12-11 00:00:00+00:00,617471.0,524868.0,1.1764,0.1471
2024-12-15 00:00:00+00:00,540459.0,527282.0,1.025,0.45
2024-12-19 00:00:00+00:00,634202.0,530804.0,1.1948,0.1104
2024-12-23 00:00:00+00:00,528563.0,534725.0,0.9885,0.523
2024-12-27 00:00:00+00:00,568492.0,535766.0,1.0611,0.3778
2024-12-31 00:00:00+00:00,545227.0,537349.0,1.0147,0.4707
2025-01-04 00:00:00+00:00,514543.0,536450.0,0.9592,0.5817
2025-01-08 00:00:00+00:00,545474.0,538091.0,1.0137,0.4726
2025-01-12 00:00:00+00:00,478512.0,537472.0,0.8903,0.7194
2025-01-16 00:00:00+00:00,552617.0,539106.0,1.0251,0.4499
2025-01-20 00:00:00+00:00,611603.0,544839.0,1.1225,0.2549
2025-01-24 00:00:00+00:00,555324.0,546151.0,1.0168,0.4664
2025-01-28 00:00:00+00:00,526610.0,546586.0,0.9635,0.5731
2025-02-01 00:00:00+00:00,547939.0,546385.0,1.0028,0.4943
2025-02-05 00:00:00+00:00,549668.0,546167.0,1.0064,0.4872
2025-02-09 00:00:00+00:00,458209.0,546758.0,0.838,0.8239
2025-02-13 00:00:00+00:00,554664.0,549747.0,1.0089,0.4821
2025-02-17 00:00:00+00:00,481661.0,550376.0,0.8751,0.7497
2025-02-21 00:00:00+00:00,539520.0,553233.0,0.9752,0.5496
2025-02-25 00:00:00+00:00,593036.0,555156.0,1.0682,0.3635
2025-03-01 00:00:00+00:00,537837.0,554519.0,0.9699,0.5602
2025-03-05 00:00:00+00:00,553079.0,554672.0,0.9971,0.5057
2025-03-09 00:00:00+00:00,468931.0,553558.0,0.8471,0.8058
2025-03-13 00:00:00+00:00,548028.0,550606.0,0.9953,0.5094
2025-03-17 00:00:00+00:00,511394.0,550383.0,0.9292,0.6417
2025-03-21 00:00:00+00:00,542213.0,546250.0,0.9926,0.5148
2025-03-25 00:00:00+00:00,537123.0,544382.0,0.9867,0.5267
2025-03-29 00:00:00+00:00,491096.0,542356.0,0.9055,0.689
2025-04-02 00:00:00+00:00,561041.0,540605.0,1.0378,0.4244
2025-04-06 00:00:00+00:00,468285.0,538761.0,0.8692,0.7616
2025-04-10 00:00:00+00:00,559681.0,536834.0,1.0426,0.4149
2025-04-14 00:00:00+00:00,531419.0,536533.0,0.9905,0.5191
2025-04-18 00:00:00+00:00,515292.0,532569.0,0.9676,0.5649
2025-04-22 00:00:00+00:00,569473.0,533933.0,1.0666,0.3669
2025-04-26 00:00:00+00:00,486530.0,531201.0,0.9159,0.6682
2025-04-30 00:00:00+00:00,558028.0,531628.0,1.0497,0.4007
2025-05-04 00:00:00+00:00,446087.0,529346.0,0.8427,0.8146
2025-05-08 00:00:00+00:00,592201.0,530903.0,1.1155,0.2691
2025-05-12 00:00:00+00:00,532368.0,532699.0,0.9994,0.5012
2025-05-16 00:00:00+00:00,539053.0,532246.0,1.0128,0.4744
2025-05-20 00:00:00+00:00,536030.0,529727.0,1.0119,0.4762
2025-05-24 00:00:00+00:00,500617.0,527904.0,0.9483,0.6034
2025-05-28 00:00:00+00:00,546095.0,528553.0,1.0332,0.4336
2025-06-01 00:00:00+00:00,452800.0,525382.0,0.8618,0.7763
2025-06-05 00:00:00+00:00,562558.0,525812.0,1.0699,0.3602
2025-06-09 00:00:00+00:00,506842.0,527433.0,0.961,0.5781
2025-06-13 00:00:00+00:00,567837.0,527872.0,1.0757,0.3486
2025-06-17 00:00:00+00:00,518441.0,529098.0,0.9799,0.5403
2025-06-21 00:00:00+00:00,455627.0,526301.0,0.8657,0.7686
2025-06-25 00:00:00+00:00,516000.0,523734.0,0.9852,0.5295
2025-06-29 00:00:00+00:00,442209.0,520546.0,0.8495,0.801
2025-07-03 00:00:00+00:00,571346.0,521155.0,1.0963,0.3074
2025-07-07 00:00:00+00:00,493343.0,521969.0,0.9452,0.6097
2025-07-11 00:00:00+00:00,626638.0,524589.0,1.1945,0.1109
2025-07-15 00:00:00+00:00,560371.0,526221.0,1.0649,0.3702
2025-07-19 00:00:00+00:00,477264.0,524056.0,0.9107,0.6786
2025-07-23 00:00:00+00:00,535701.0,524009.0,1.0223,0.4554
2025-07-27 00:00:00+00:00,457112.0,522876.0,0.8742,0.7515
2025-07-31 00:00:00+00:00,584264.0,523650.0,1.1158,0.2685
2025-08-04 00:00:00+00:00,542397.0,526121.0,1.0309,0.4381
2025-08-08 00:00:00+00:00,749938.0,532463.0,1.4084,0.0
2025-08-12 00:00:00+00:00,543783.0,532875.0,1.0205,0.4591
2025-08-16 00:00:00+00:00,475351.0,531543.0,0.8943,0.7114
2025-08-20 00:00:00+00:00,534876.0,530390.0,1.0085,0.4831
2025-08-24 00:00:00+00:00,443678.0,528962.0,0.8388,0.8225
2025-08-28 00:00:00+00:00,547915.0,528625.0,1.0365,0.427
2025-09-01 00:00:00+00:00,521197.0,531128.0,0.9813,0.5374
2025-09-05 00:00:00+00:00,587857.0,530984.0,1.1071,0.2858
2025-09-09 00:00:00+00:00,549610.0,531558.0,1.034,0.4321
2025-09-13 00:00:00+00:00,526152.0,531128.0,0.9906,0.5187
2025-09-17 00:00:00+00:00,517428.0,530508.0,0.9753,0.5493
2025-09-21 00:00:00+00:00,467555.0,529406.0,0.8832,0.7337
2025-09-25 00:00:00+00:00,542099.0,529273.0,1.0242,0.4515
2025-09-29 00:00:00+00:00,521335.0,531557.0,0.9808,0.5385
2025-10-03 00:00:00+00:00,595427.0,532653.0,1.1179,0.2643
2025-10-07 00:00:00+00:00,561921.0,534489.0,1.0513,0.3974
2025-10-11 00:00:00+00:00,546781.0,533787.0,1.0243,0.4513
2025-10-15 00:00:00+00:00,542831.0,534600.0,1.0154,0.4692
2025-10-19 00:00:00+00:00,443995.0,534212.0,0.8311,0.8378
2025-10-23 00:00:00+00:00,527286.0,534589.0,0.9863,0.5273
2025-10-27 00:00:00+00:00,522563.0,537267.0,0.9726,0.5547
2025-10-31 00:00:00+00:00,572374.0,537301.0,1.0653,0.3694
2025-11-04 00:00:00+00:00,582796.0,540283.0,1.0787,0.3426
2025-11-08 00:00:00+00:00,470481.0,535078.0,0.8793,0.7414
2025-11-12 00:00:00+00:00,504920.0,533230.0,0.9469,0.6062
2025-11-19 00:00:00+00:00,535320.0,535165.0,1.0003,0.4994
2025-11-23 00:00:00+00:00,442816.0,532069.0,0.8323,0.8355
2025-11-27 00:00:00+00:00,525809.0,534358.0,0.984,0.532
2025-12-01 00:00:00+00:00,557926.0,533481.0,1.0458,0.4084
2025-12-05 00:00:00+00:00,534245.0,533209.0,1.0019,0.4961
2025-12-09 00:00:00+00:00,507794.0,525137.0,0.967,0.5661
2025-12-13 00:00:00+00:00,463369.0,522457.0,0.8869,0.7262
2025-12-17 00:00:00+00:00,511367.0,523657.0,0.9765,0.5469
2025-12-21 00:00:00+00:00,436144.0,520366.0,0.8381,0.8237
2025-12-25 00:00:00+00:00,431619.0,519964.0,0.8301,0.8398
2025-12-29 00:00:00+00:00,516338.0,518912.0,0.995,0.5099
2026-01-02 00:00:00+00:00,518434.0,518820.0,0.9993,0.5015
2026-01-06 00:00:00+00:00,517888.0,516487.0,1.0027,0.4946
2026-01-10 00:00:00+00:00,451552.0,513219.0,0.8798,0.7403
2026-01-14 00:00:00+00:00,501548.0,512399.0,0.9788,0.5424
2026-01-18 00:00:00+00:00,411852.0,508880.0,0.8093,0.8813
2026-01-22 00:00:00+00:00,478520.0,509245.0,0.9397,0.6207
2026-01-26 00:00:00+00:00,465362.0,506687.0,0.9184,0.6631
2026-01-30 00:00:00+00:00,580888.0,508672.0,1.142,0.2161
2026-02-03 00:00:00+00:00,550746.0,507183.0,1.0859,0.3282
2026-02-07 00:00:00+00:00,481546.0,504504.0,0.9545,0.591
2026-02-11 00:00:00+00:00,490231.0,502619.0,0.9754,0.5493
2026-02-15 00:00:00+00:00,399280.0,497834.0,0.802,0.8959
2026-02-19 00:00:00+00:00,473222.0,498808.0,0.9487,0.6026
2026-02-23 00:00:00+00:00,458764.0,496524.0,0.924,0.6521
2026-02-27 00:00:00+00:00,549158.0,497410.0,1.104,0.2919
2026-03-03 00:00:00+00:00,504537.0,495149.0,1.019,0.4621
2026-03-07 00:00:00+00:00,458399.0,491002.0,0.9336,0.6328
2026-03-11 00:00:00+00:00,475423.0,491167.0,0.9679,0.5641
2026-03-15 00:00:00+00:00,406808.0,487897.0,0.8338,0.8324
2026-03-19 00:00:00+00:00,486162.0,486258.0,0.9998,0.5004
2026-03-23 00:00:00+00:00,476303.0,487374.0,0.9773,0.5454
2026-03-27 00:00:00+00:00,507433.0,486762.0,1.0425,0.4151
2026-03-31 00:00:00+00:00,485131.0,484335.0,1.0016,0.4967
2026-04-04 00:00:00+00:00,430348.0,480872.0,0.8949,0.7101
2026-04-08 00:00:00+00:00,489051.0,480247.0,1.0183,0.4633
2026-04-12 00:00:00+00:00,395725.0,477993.0,0.8279,0.8442
2026-04-17 00:00:00+00:00,521678.0,478336.0,1.0906,0.3188
2026-04-21 00:00:00+00:00,478903.0,479762.0,0.9982,0.5036
2026-04-25 00:00:00+00:00,428848.0,479669.0,0.894,0.7119
2026-04-29 00:00:00+00:00,482542.0,478543.0,1.0084,0.4833
2026-05-03 00:00:00+00:00,402346.0,474673.0,0.8476,0.8047
2026-05-07 00:00:00+00:00,497326.0,473988.0,1.0492,0.4015
2026-05-11 00:00:00+00:00,457665.0,474192.0,0.9651,0.5697
2026-05-15 00:00:00+00:00,525031.0,474974.0,1.1054,0.2892
2026-05-19 00:00:00+00:00,469682.0,476902.0,0.9849,0.5303
2026-05-23 00:00:00+00:00,439350.0,475596.0,0.9238,0.6524
2026-05-27 00:00:00+00:00,474906.0,475914.0,0.9979,0.5042
2026-05-31 00:00:00+00:00,403295.0,469995.0,0.8581,0.7838
2026-06-04 00:00:00+00:00,538439.0,469584.0,1.1466,0.2067
2026-06-08 00:00:00+00:00,457079.0,468769.0,0.9751,0.5499
2026-06-12 00:00:00+00:00,515594.0,469614.0,1.0979,0.3042
2026-06-16 00:00:00+00:00,477480.0,472221.0,1.0111,0.4777
2026-06-20 00:00:00+00:00,409924.0,470111.0,0.872,0.7561
2026-06-24 00:00:00+00:00,488035.0,471087.0,1.036,0.428
2026-06-28 00:00:00+00:00,416739.0,466673.0,0.893,0.714
2026-07-02 00:00:00+00:00,527254.0,467430.0,1.128,0.244
2026-07-06 00:00:00+00:00,453433.0,467264.0,0.9704,0.5592
2026-07-10 00:00:00+00:00,511711.0,468474.0,1.0923,0.3154
2026-07-14 00:00:00+00:00,458571.0,470199.0,0.9753,0.5495
2026-07-18 00:00:00+00:00,444410.0,468808.0,0.948,0.6041
2026-07-22 00:00:00+00:00,467778.0,468524.0,0.9984,0.5032
2026-07-26 00:00:00+00:00,439204.0,466249.0,0.942,0.616
2026-07-30 00:00:00+00:00,497475.0,466661.0,1.066,0.3679
2026-08-03 00:00:00+00:00,523906.0,469779.0,1.1152,0.2696
2026-08-07 00:00:00+00:00,534028.0,471279.0,1.1331,0.2337
2026-08-11 00:00:00+00:00,467215.0,473662.0,0.9864,0.5272
2026-08-15 00:00:00+00:00,445251.0,471114.0,0.9451,0.6098
