row_type,label,value,extra1,extra2,extra3
equity,2023-09-30,10000.0,10000.0,10000.0,10000.0
equity,2023-10-01,10627.0767,10630.8781,10376.6824,10708.7331
equity,2023-10-02,10355.237,10360.9791,10208.7181,10519.9858
equity,2023-10-03,10353.287,10360.6676,10171.3379,10533.5888
equity,2023-10-04,10320.1793,10328.9231,10308.3214,10534.5782
equity,2023-10-05,10130.1956,10138.4177,10166.1219,10363.2826
equity,2023-10-06,10375.2734,10384.6343,10362.9059,10621.6134
equity,2023-10-07,10334.7156,10343.3126,10371.1536,10599.3793
equity,2023-10-08,10322.3724,10331.0697,10358.6387,10584.063
equity,2023-10-09,10001.8688,10007.3514,10228.3312,10285.6538
equity,2023-10-10,9950.8302,9956.5138,10156.8914,10242.3381
equity,2023-10-11,9869.4984,9876.0316,9964.9229,10113.1832
equity,2023-10-12,9695.0461,9699.9795,9921.7154,9947.2184
equity,2023-10-13,9814.3774,9820.0988,9960.8642,10077.8793
equity,2023-10-14,9847.0169,9853.2025,9960.6165,10113.1857
equity,2023-10-15,9876.606,9882.19,10071.0979,10158.7303
equity,2023-10-16,10439.4428,10446.5745,10575.3321,10861.2765
equity,2023-10-17,10343.9159,10354.1246,10536.872,10834.2847
equity,2023-10-18,10256.2069,10263.8419,10504.4608,10711.8798
equity,2023-10-19,10525.7585,10539.087,10649.6203,11094.6267
equity,2023-10-20,11013.2245,11035.5261,11006.7642,11710.0939
equity,2023-10-21,11418.1761,11441.3002,11094.0764,12205.3081
equity,2023-10-22,11464.7013,11485.4366,11122.0669,12159.6586
equity,2023-10-23,12461.6993,12485.8637,12268.7398,13380.6804
equity,2023-10-24,12397.9511,12411.2766,12571.0594,13257.0332
equity,2023-10-25,12789.2641,12808.6816,12794.0254,13831.5196
equity,2023-10-26,12826.8732,12846.6873,12665.6611,13810.8547
equity,2023-10-27,12604.5406,12623.4554,12574.1273,13564.8036
equity,2023-10-28,12607.6746,12626.2103,12640.7892,13589.4415
equity,2023-10-29,12862.8613,12881.9451,12807.2486,13908.7259
equity,2023-10-30,13174.5259,13192.1605,12793.856,14294.3785
equity,2023-10-31,13653.2425,13676.1233,12855.1948,14964.9126
equity,2023-11-01,14179.3457,14202.3628,13140.5237,15649.2919
equity,2023-11-02,13851.0202,13873.4187,12955.4846,15319.0504
equity,2023-11-03,13827.9777,13849.6866,12879.128,15154.1476
equity,2023-11-04,14263.6974,14289.1405,13008.864,15711.3653
equity,2023-11-05,14224.9611,14253.5366,12996.6867,15524.4711
equity,2023-11-06,14339.4425,14368.6959,12992.2427,15667.0103
equity,2023-11-07,14476.5938,14504.2837,13142.863,15925.4638
equity,2023-11-08,14519.3483,14547.1525,13221.3692,15994.8952
equity,2023-11-09,15496.6095,15534.9532,13606.2145,16620.9894
equity,2023-11-10,16743.8912,16795.4444,13836.4302,18559.3227
equity,2023-11-11,16594.1808,16646.6644,13771.1979,18432.8053
equity,2023-11-12,16566.5424,16618.9247,13740.2236,18416.6973
equity,2023-11-13,16092.4433,16144.7006,13535.4751,17656.4049
equity,2023-11-14,16258.5492,16314.1791,13177.7482,18121.1416
equity,2023-11-15,17663.664,17728.2519,14046.5366,20001.2183
equity,2023-11-16,16429.4122,16482.5784,13406.5864,18469.8624
equity,2023-11-17,16548.3297,16602.5483,13570.453,18673.0432
equity,2023-11-18,16561.3308,16615.713,13566.3813,18683.3145
equity,2023-11-19,17092.3043,17150.4637,13863.343,19314.2144
equity,2023-11-20,16690.502,16737.4178,13896.868,18676.4975
equity,2023-11-21,15770.8819,15807.4641,13280.1558,17557.1415
equity,2023-11-22,16911.8869,16958.2642,13880.3235,18825.5158
equity,2023-11-23,16788.5359,16833.5514,13827.4018,18644.4504
equity,2023-11-24,16929.7295,16976.3711,13987.0953,18804.4555
equity,2023-11-25,17142.5661,17193.7513,14015.4667,19110.4559
equity,2023-11-26,16918.7158,16970.2506,13897.6705,18849.7895
equity,2023-11-27,16538.5495,16584.9606,13814.2554,18419.5734
equity,2023-11-28,17001.2444,17044.5626,14028.1829,19035.6934
equity,2023-11-29,17051.8584,17097.9436,14038.3455,19193.5108
equity,2023-11-30,17091.3107,17138.7128,13984.3012,19150.5213
equity,2023-12-01,17390.2307,17437.0517,14346.2142,19509.8121
equity,2023-12-02,18107.9157,18165.7269,14638.2583,20305.3911
equity,2023-12-03,18187.8446,18245.7751,14824.4271,20341.8887
equity,2023-12-04,18494.4919,18541.5952,15566.6821,20705.8281
equity,2023-12-05,18890.5412,18936.9153,16345.5895,21214.0784
equity,2023-12-06,18761.3853,18811.9279,16221.6633,21260.3131
equity,2023-12-07,19640.385,19701.8848,16053.3962,22021.0202
equity,2023-12-08,20454.9179,20531.2633,16377.4618,23282.7411
equity,2023-12-09,20088.505,20161.5909,16214.0761,22781.2287
equity,2023-12-10,20358.4651,20429.9575,16233.9942,23132.3658
equity,2023-12-11,19201.9273,19269.7926,15293.6667,21790.9148
equity,2023-12-12,19002.5509,19070.1252,15370.1987,21606.8863
equity,2023-12-13,19597.0109,19666.7829,15904.3592,22336.5796
equity,2023-12-14,20225.9431,20298.8546,15953.7625,23041.1583
equity,2023-12-15,19480.9328,19551.8249,15548.0156,22279.3711
equity,2023-12-16,19649.244,19721.8195,15663.1002,22520.3545
equity,2023-12-17,19206.0299,19274.4283,15338.4726,21927.0889
equity,2023-12-18,19760.3702,19833.6128,15805.2773,22753.4962
equity,2023-12-19,19467.9698,19540.6735,15674.3767,22466.4519
equity,2023-12-20,20555.5589,20646.6135,16186.7346,24112.1372
equity,2023-12-21,21663.2471,21775.0674,16267.1644,25666.2891
equity,2023-12-22,22280.6462,22399.1375,16314.9063,26201.7582
equity,2023-12-23,22886.0765,23029.8535,16219.1038,27228.5704
equity,2023-12-24,22961.1048,23107.7132,15950.8496,27511.5332
equity,2023-12-25,23663.6222,23831.0622,16172.2324,28647.7144
equity,2023-12-26,22777.0439,22933.0115,15767.0331,27371.702
equity,2023-12-27,23082.5316,23219.857,16109.0888,27111.0327
equity,2023-12-28,22485.3805,22617.4617,15806.8779,26282.0447
equity,2023-12-29,22535.0429,22684.0908,15610.9216,26568.1671
equity,2023-12-30,22211.5111,22348.3978,15632.2433,26103.814
equity,2023-12-31,22172.6036,22308.2847,15672.3966,26103.9641
equity,2024-01-01,23310.5186,23460.1644,16377.7327,27662.4629
equity,2024-01-02,23245.6679,23404.9058,16670.9095,27624.5957
equity,2024-01-03,21825.8808,21971.703,15888.5751,25989.0019
equity,2024-01-04,22716.01,22873.9784,16382.4012,27188.219
equity,2024-01-05,22351.9668,22499.7149,16376.0119,26609.1298
equity,2024-01-06,21793.9635,21921.7457,16311.6777,25842.3194
equity,2024-01-07,21377.6337,21496.2575,16294.5841,25279.0445
equity,2024-01-08,22897.7838,23028.3845,17417.1797,27311.3317
equity,2024-01-09,22918.7609,23058.4862,17109.1198,27234.5013
equity,2024-01-10,23969.5954,24120.4315,17290.0929,27709.6984
equity,2024-01-11,23885.9726,24025.2175,17193.9819,27372.0544
equity,2024-01-12,22334.2117,22470.7887,15890.4262,25223.7866
equity,2024-01-13,22804.4006,22951.001,15886.427,25699.1381
equity,2024-01-14,22184.98,22326.7274,15498.5166,25157.99
equity,2024-01-15,22456.5671,22600.1678,15763.9058,25443.1036
equity,2024-01-16,23047.3004,23193.1458,16002.3286,26027.6531
equity,2024-01-17,23148.6383,23293.3936,15849.4458,26400.8328
equity,2024-01-18,22106.9136,22241.6857,15300.4254,25005.7027
equity,2024-01-19,22170.5108,22305.2449,15432.563,25028.1796
equity,2024-01-20,22055.1193,22189.2191,15450.0577,24949.188
equity,2024-01-21,21851.7919,21983.4609,15405.6343,24707.0747
equity,2024-01-22,20493.7168,20613.8261,14649.7665,23167.8046
equity,2024-01-23,20397.8366,20517.6306,14775.1687,23358.4047
equity,2024-01-24,20774.0282,20897.3689,14861.0201,23971.8667
equity,2024-01-25,20557.0043,20678.3654,14807.8956,23707.1323
equity,2024-01-26,21472.7283,21597.7319,15506.1559,24997.5936
equity,2024-01-27,21659.5832,21786.1241,15618.5797,25302.2459
equity,2024-01-28,21743.5115,21874.2453,15587.2607,25480.7102
equity,2024-01-29,22571.9851,22712.6655,16051.758,26559.5898
equity,2024-01-30,22594.8973,22736.605,15927.3002,26432.4728
equity,2024-01-31,21999.2927,22139.1245,15790.0987,25800.7931
equity,2024-02-01,22214.553,22355.607,15972.9708,26064.2865
equity,2024-02-02,22441.005,22585.8219,16013.7919,26402.106
equity,2024-02-03,22183.3378,22321.0004,15941.9994,26042.7766
equity,2024-02-04,21910.779,22046.5719,15790.4608,25625.0191
equity,2024-02-05,21959.0756,22095.0366,15818.3035,25658.9344
equity,2024-02-06,22364.2295,22504.6236,15976.2704,25956.9632
equity,2024-02-07,23053.6481,23201.3326,16433.6846,26856.7045
equity,2024-02-08,23350.4265,23499.0281,16798.3193,27402.4434
equity,2024-02-09,24197.7888,24353.0819,17482.7003,28514.227
equity,2024-02-10,24511.9427,24672.1521,17714.1153,28982.3256
equity,2024-02-11,24502.8585,24659.6792,17907.9162,28972.9084
equity,2024-02-12,25614.2311,25780.3555,18525.0587,30064.215
equity,2024-02-13,25569.6328,25736.7437,18445.0446,30059.1698
equity,2024-02-14,26697.656,26871.9352,19217.9089,31281.5425
equity,2024-02-15,26616.5679,26790.2055,19259.3876,30939.0625
equity,2024-02-16,26340.3043,26507.3725,19341.5773,30629.1584
equity,2024-02-17,26086.4124,26252.5591,19157.2074,30287.9087
equity,2024-02-18,26697.1755,26876.5179,19327.6139,30825.4818
equity,2024-02-19,26779.9669,26963.3881,19200.2765,30628.3252
equity,2024-02-20,26836.6826,27020.764,19387.807,30436.4305
equity,2024-02-21,26358.6412,26538.1186,19222.5382,29883.2083
equity,2024-02-22,25980.3656,26158.1345,19024.4484,29282.3427
equity,2024-02-23,25593.7473,25768.8276,18811.965,28882.7799
equity,2024-02-24,26294.0111,26477.9531,19123.1319,29677.5353
equity,2024-02-25,26609.1064,26802.9203,19183.254,29646.1192
equity,2024-02-26,27836.0842,28033.2217,20217.5067,31354.9392
equity,2024-02-27,28328.626,28534.981,21167.8837,31998.943
equity,2024-02-28,30491.8463,30699.9516,23177.4636,34956.5241
equity,2024-02-29,30813.9136,31017.6735,22693.0337,35528.5057
equity,2024-03-01,31653.2447,31867.605,23153.6737,36461.7253
equity,2024-03-02,31520.4599,31733.7911,23001.3501,36290.6893
equity,2024-03-03,31984.4422,32202.1091,23423.1563,36758.3457
equity,2024-03-04,33495.8391,33733.9774,25337.6694,38793.5219
equity,2024-03-05,31900.9255,32122.7359,23658.1867,36391.7709
equity,2024-03-06,33500.0428,33734.5404,24513.1306,37768.8212
equity,2024-03-07,34916.8543,35174.4779,24816.706,39694.3345
equity,2024-03-08,35308.4244,35571.6895,25326.4263,40306.629
equity,2024-03-09,35362.939,35625.7009,25400.1395,40296.6974
equity,2024-03-10,35341.7399,35604.6414,25593.2972,40458.8745
equity,2024-03-11,36779.2158,37052.7444,26744.3381,42003.1836
equity,2024-03-12,36600.8415,36868.9929,26506.0485,42069.2781
equity,2024-03-13,37966.8005,38268.9545,27100.166,44154.5362
equity,2024-03-14,38309.8229,38581.5794,26474.6426,45081.2647
equity,2024-03-15,37893.3181,38190.2028,25735.6829,45066.1933
equity,2024-03-16,36343.4224,36641.0663,24219.5641,43448.5583
equity,2024-03-17,38656.9181,38990.0427,25359.9963,46706.3799
equity,2024-03-18,37664.5561,37991.8332,25047.7618,45765.7162
equity,2024-03-19,33668.9484,33959.5434,22957.9376,40971.094
equity,2024-03-20,37443.1522,37765.8598,25183.1368,45471.3407
equity,2024-03-21,36142.114,36433.5079,24284.9283,43282.6709
equity,2024-03-22,34943.2533,35232.9284,23649.8666,42132.9397
equity,2024-03-23,34910.1738,35196.9225,23754.9698,42085.4395
equity,2024-03-24,36611.4769,36916.998,24931.1707,44392.3702
equity,2024-03-25,37958.4403,38270.3667,25941.4975,45988.7001
equity,2024-03-26,38058.1837,38372.7024,25952.2597,46170.2622
equity,2024-03-27,37373.5576,37672.8143,25754.8057,45515.2991
equity,2024-03-28,38040.66,38345.1519,26233.0071,46339.1736
equity,2024-03-29,37871.4012,38189.2638,25917.0297,46300.1606
equity,2024-03-30,37952.4193,38273.0637,25825.2453,46433.1675
equity,2024-03-31,39310.2132,39648.2813,26451.3018,47950.6511
equity,2024-04-01,37839.1858,38157.1572,25846.3236,46272.1759
equity,2024-04-02,35500.9674,35801.3865,24268.4576,43484.9626
equity,2024-04-03,35979.6015,36291.8006,24466.4113,44110.6004
equity,2024-04-04,36441.5993,36738.9739,25403.8331,44933.025
equity,2024-04-05,35676.2,35948.4308,25154.9436,43680.6402
equity,2024-04-06,36287.2212,36565.9362,25547.4355,44546.0732
equity,2024-04-07,36774.0324,37059.3773,25720.3985,44796.094
equity,2024-04-08,38121.2951,38406.3897,26561.6963,45747.7731
equity,2024-04-09,36440.8795,36709.4629,25637.5078,43927.2773
equity,2024-04-10,36905.312,37173.2062,26174.7637,44561.2346
equity,2024-04-11,36619.5801,36884.5534,25979.2449,44276.8728
equity,2024-04-12,33889.6088,34112.691,24916.9669,41141.8879
equity,2024-04-13,31450.642,31648.802,23665.7043,38310.5789
equity,2024-04-14,33187.5537,33403.7358,24376.6432,40387.9476
equity,2024-04-15,31676.8093,31876.5223,23519.1369,38102.7052
equity,2024-04-16,31520.4634,31712.9683,23662.1411,37967.3406
equity,2024-04-17,30418.9789,30607.3471,22722.0714,36580.0954
equity,2024-04-18,31838.5907,32047.9742,23551.228,38566.1826
equity,2024-04-19,31915.1488,32125.0705,23673.8984,38750.322
equity,2024-04-20,33065.2615,33296.7658,24100.654,40142.6848
equity,2024-04-21,32839.1242,33063.4733,24075.5142,39827.7504
equity,2024-04-22,33962.2824,34202.8223,24784.1471,41471.2748
equity,2024-04-23,33789.1155,34025.268,24624.5477,41052.9324
equity,2024-04-24,32641.7785,32869.2706,23834.5812,39506.1587
equity,2024-04-25,32530.4579,32750.8982,23910.5265,39245.9606
equity,2024-04-26,31887.2014,32100.7207,23641.1743,38314.8977
equity,2024-04-27,32404.3754,32629.4208,23516.5152,38462.0451
equity,2024-04-28,32129.0133,32348.1745,23403.0803,37951.1767
equity,2024-04-29,32092.8903,32309.8275,23672.9902,38189.1986
equity,2024-04-30,30051.4783,30243.533,22484.8132,35802.9929
equity,2024-05-01,30093.428,30313.7746,21601.2285,35946.2114
equity,2024-05-02,30538.9315,30766.298,21923.6197,36619.2396
equity,2024-05-03,32024.9003,32258.9424,23320.2432,38626.3849
equity,2024-05-04,32415.7159,32655.5246,23691.6611,39250.0613
equity,2024-05-05,32477.4871,32716.5707,23743.4486,39249.348
equity,2024-05-06,32585.0221,32840.0779,23421.1458,39777.5333
equity,2024-05-07,31916.5922,32161.6125,23114.4358,38955.0299
equity,2024-05-08,31191.8613,31424.374,22689.162,37882.571
equity,2024-05-09,32484.7018,32739.8144,23379.6193,39755.2954
equity,2024-05-10,31177.6063,31421.787,22542.6308,38200.8809
equity,2024-05-11,31120.6258,31363.8153,22542.977,38098.7831
equity,2024-05-12,31170.4789,31408.7627,22785.7408,38126.5672
equity,2024-05-13,31760.0983,32004.5783,23324.5495,39070.5711
equity,2024-05-14,30913.9348,31148.7326,22824.4515,37991.5512
equity,2024-05-15,33426.261,33686.9304,24572.7153,41514.7815
equity,2024-05-16,32964.9059,33237.5079,24188.5884,41253.706
equity,2024-05-17,34528.7692,34832.2695,24863.5731,43077.713
equity,2024-05-18,34813.825,35127.2744,24822.387,43369.4446
equity,2024-05-19,34344.1051,34653.6726,24576.7478,42859.4258
equity,2024-05-20,38550.8467,38896.5997,26493.777,46548.6159
equity,2024-05-21,38210.0258,38518.3312,26007.3975,45154.1655
equity,2024-05-22,37759.8118,38065.661,25631.3228,44646.6138
equity,2024-05-23,37610.4974,37918.7534,25189.0292,44114.9115
equity,2024-05-24,36973.9853,37274.312,25410.2325,43442.3233
equity,2024-05-25,37228.8326,37530.2491,25684.5747,43779.6629
equity,2024-05-26,36959.7586,37273.1764,25407.2631,42937.9842
equity,2024-05-27,37837.988,38152.2249,25732.2645,44007.4266
equity,2024-05-28,37368.7408,37681.2017,25324.9894,43462.1889
equity,2024-05-29,36948.4529,37254.0302,25058.7008,43138.9859
equity,2024-05-30,36964.9291,37263.698,25350.4914,43300.8827
equity,2024-05-31,36747.4299,37049.0672,25026.559,42837.1151
equity,2024-06-01,36986.085,37292.4454,25106.4774,42958.6324
equity,2024-06-02,36687.4091,36987.1425,25123.0394,42662.1133
equity,2024-06-03,36959.4221,37257.88,25513.57,43227.1874
equity,2024-06-04,37939.8979,38246.1692,26167.304,44636.8211
equity,2024-06-05,38326.7527,38636.9889,26358.2919,45010.8115
equity,2024-06-06,37843.9383,38145.1347,26237.535,44503.4592
equity,2024-06-07,36598.0921,36885.751,25712.9939,43146.38
equity,2024-06-08,36265.0906,36543.6254,25699.3434,42610.0165
equity,2024-06-09,36719.2775,37003.643,25826.2419,43211.1532
equity,2024-06-10,36335.9468,36609.0439,25775.9188,42798.0828
equity,2024-06-11,34682.4371,34936.5295,24967.4581,40927.6411
equity,2024-06-12,35483.3137,35745.7976,25304.5832,41924.1705
equity,2024-06-13,34330.5501,34580.3893,24754.0071,40485.4093
equity,2024-06-14,33914.1991,34158.017,24477.6399,39725.9622
equity,2024-06-15,34402.1909,34652.4667,24544.3511,40066.7195
equity,2024-06-16,35099.2515,35362.7103,24710.4918,40903.9636
equity,2024-06-17,34130.5964,34373.2185,24655.3337,39936.2626
equity,2024-06-18,33352.1281,33584.2275,24154.9054,38772.1346
equity,2024-06-19,33409.2048,33642.1377,24087.9929,38479.3458
equity,2024-06-20,33062.6204,33290.6769,24039.1791,38171.8762
equity,2024-06-21,33042.8557,33273.7965,23767.576,38066.5077
equity,2024-06-22,32930.4286,33158.1297,23825.563,38006.2398
equity,2024-06-23,32096.7387,32312.7347,23428.1347,37020.2451
equity,2024-06-24,31673.3548,31908.2179,22351.5284,36514.632
equity,2024-06-25,32424.1493,32667.1183,22917.8408,37555.8095
equity,2024-06-26,32168.0056,32414.1317,22549.4908,37220.3681
equity,2024-06-27,33537.7311,33812.1391,22843.738,39014.6743
equity,2024-06-28,32356.8722,32609.3492,22367.3704,37449.3954
equity,2024-06-29,32479.6078,32733.281,22577.7101,37684.3019
equity,2024-06-30,33485.0487,33753.2265,23241.8007,39069.1487
equity,2024-07-01,33547.7822,33816.7067,23306.2059,39142.266
equity,2024-07-02,33869.0486,34136.8811,23001.0415,39676.5366
equity,2024-07-03,32188.5988,32425.2896,22313.1524,37551.0844
equity,2024-07-04,29845.1545,30056.4019,21127.9593,34895.188
equity,2024-07-05,30071.7136,30297.3455,21011.0321,35596.2909
equity,2024-07-06,31312.0546,31553.9789,21619.5938,37200.3876
equity,2024-07-07,29570.7069,29789.4734,20709.4643,35020.9678
equity,2024-07-08,30586.5388,30823.9696,21026.8742,36212.3116
equity,2024-07-09,31114.1053,31353.3133,21510.4595,36895.9464
equity,2024-07-10,31237.3944,31481.8171,21411.5529,36871.0138
equity,2024-07-11,30730.3152,30952.9227,21264.1251,36040.2081
equity,2024-07-12,31209.2559,31442.0249,21469.7587,36657.2704
equity,2024-07-13,31771.131,32007.1999,21963.86,37407.9819
equity,2024-07-14,32691.4587,32940.3201,22540.7825,38616.0661
equity,2024-07-15,35153.1234,35424.3,24054.5663,41481.8861
equity,2024-07-16,35079.9396,35355.4501,24138.7389,41633.6049
equity,2024-07-17,34359.6565,34626.2597,23775.954,40720.0955
equity,2024-07-18,34706.1719,34986.7352,23722.2878,41064.7065
equity,2024-07-19,36201.0008,36497.493,24736.86,43192.1919
equity,2024-07-20,36654.9036,36965.6479,24905.0199,43880.1479
equity,2024-07-21,37641.0939,37962.6822,25272.4472,45413.7049
equity,2024-07-22,36827.8376,37131.3432,25061.3544,44604.4321
equity,2024-07-23,36249.028,36547.1679,24446.7062,43312.2361
equity,2024-07-24,35997.6256,36306.8674,24240.7062,43680.2744
equity,2024-07-25,35086.1177,35381.9652,24390.9194,43186.5088
equity,2024-07-26,36595.6626,36908.2775,25182.54,45198.2602
equity,2024-07-27,36534.9112,36847.6799,25145.9311,45262.8053
equity,2024-07-28,36756.3506,37071.4819,25310.0266,45515.3881
equity,2024-07-29,36538.2232,36856.1588,24777.5594,44748.6391
equity,2024-07-30,36028.3749,36340.5487,24548.065,44123.5467
equity,2024-07-31,35082.1326,35383.6562,23961.5289,42748.0723
equity,2024-08-01,34834.325,35124.7397,24235.2802,42575.361
equity,2024-08-02,32310.6507,32580.4166,22773.3824,39464.5092
equity,2024-08-03,31197.6104,31458.6284,22500.8465,38106.1184
equity,2024-08-04,29626.756,29874.9113,21550.4144,36632.0425
equity,2024-08-05,27345.1717,27579.3029,20020.6264,34217.155
equity,2024-08-06,28839.2314,29092.1024,20778.1411,36577.6953
equity,2024-08-07,28216.6185,28472.6072,20404.788,36265.6945
equity,2024-08-08,31946.7024,32234.4739,22882.7977,40749.8598
equity,2024-08-09,31050.4496,31327.6684,22575.0159,39736.5329
equity,2024-08-10,30942.7958,31214.0827,22599.3779,39485.1834
equity,2024-08-11,29523.7143,29767.5035,21773.8309,37284.3082
equity,2024-08-12,30632.1562,30885.5147,22009.3075,38076.2565
equity,2024-08-13,30783.9168,31042.9257,22474.6941,38560.823
equity,2024-08-14,30117.0063,30370.5635,21780.4259,37568.6293
equity,2024-08-15,29481.8489,29731.9418,21343.9176,37009.2395
equity,2024-08-16,29573.1389,29813.5865,21838.5823,37109.7232
equity,2024-08-17,29923.9199,30170.1648,22055.4575,37603.7032
equity,2024-08-18,29804.4779,30053.2662,21686.4977,37338.7257
equity,2024-08-19,30188.279,30441.4146,22060.8271,37903.1009
equity,2024-08-20,29781.2519,30029.7564,21882.593,37595.7597
equity,2024-08-21,30345.7172,30591.272,22684.4341,38322.6794
equity,2024-08-22,30216.84,30465.5006,22390.2781,38105.5723
equity,2024-08-23,32067.8299,32335.8695,23766.8923,40568.7207
equity,2024-08-24,32638.8189,32906.1447,23798.2765,41476.6406
equity,2024-08-25,32466.1026,32728.0454,23855.5856,41328.8227
equity,2024-08-26,31843.5908,32097.7557,23316.8407,40611.9914
equity,2024-08-27,29699.8831,29931.3705,22064.7872,38218.4396
equity,2024-08-28,29697.7288,29930.1157,21888.0929,37705.6358
equity,2024-08-29,29495.4437,29726.4812,22021.7905,37399.0911
equity,2024-08-30,29301.5797,29531.7596,21922.1524,37076.7169
equity,2024-08-31,29035.4989,29264.1232,21866.6872,36705.7658
equity,2024-09-01,27958.8716,28178.6978,21256.9218,35339.6031
equity,2024-09-02,29128.2637,29358.851,21919.5582,36715.6238
equity,2024-09-03,27872.49,28088.9022,21296.0554,35247.7553
equity,2024-09-04,28506.1327,28729.0456,21496.4846,36158.6543
equity,2024-09-05,27590.2317,27805.7854,20824.927,35017.1559
equity,2024-09-06,26363.8989,26566.6631,20004.7916,33726.8288
equity,2024-09-07,26782.2077,26991.5511,20075.5919,34114.5181
equity,2024-09-08,27147.0034,27359.6869,20335.8563,34627.8122
equity,2024-09-09,28097.6453,28318.111,21143.4711,35988.4023
equity,2024-09-10,28367.6212,28589.3521,21376.7764,36283.5881
equity,2024-09-11,27904.5061,28120.0148,21263.4791,35810.187
equity,2024-09-12,28371.5791,28593.8594,21554.1355,36514.9348
equity,2024-09-13,29297.4758,29523.9379,22460.5048,37728.1187
equity,2024-09-14,28979.9388,29203.3031,22250.5592,37302.3481
equity,2024-09-15,28053.3134,28273.5999,21945.6468,36342.2402
equity,2024-09-16,27787.1489,28009.9658,21578.4222,35995.0662
equity,2024-09-17,28321.0003,28542.8921,22363.0699,36743.0348
equity,2024-09-18,28822.3955,29045.8783,22860.3796,37503.0524
equity,2024-09-19,30038.9304,30275.9055,23339.014,39022.5126
equity,2024-09-20,30732.8754,30974.3552,23432.6511,39553.7909
equity,2024-09-21,31188.6568,31436.7307,23507.5042,39972.2859
equity,2024-09-22,30768.542,31015.504,23601.6424,39514.3156
equity,2024-09-23,30975.3929,31227.4273,23483.387,39403.6789
equity,2024-09-24,31735.1101,31990.623,23843.8776,40700.5107
equity,2024-09-25,30909.5696,31157.7092,23414.1728,39722.6346
equity,2024-09-26,31980.2525,32235.4723,24169.8393,41328.1728
equity,2024-09-27,32485.4796,32746.1522,24395.9022,41797.6577
equity,2024-09-29,9811.5164,32633.2121,24338.2932,41843.0303
equity,2024-09-30,9504.6594,31608.6738,23483.2754,40322.8769
equity,2024-10-01,9039.1023,30064.1478,22559.0319,38584.1521
equity,2024-10-02,8826.9081,29349.76,22483.3039,37945.1204
equity,2024-10-03,8740.0709,29055.4197,22530.255,37567.2007
equity,2024-10-04,9018.4469,29984.091,23015.3033,38786.6567
equity,2024-10-05,9011.0639,29959.0289,23023.6364,38740.4037
equity,2024-10-06,9154.518,30437.8967,23293.959,39437.5912
equity,2024-10-07,9052.6788,30098.5479,23078.0384,38944.1464
equity,2024-10-08,9058.0688,30114.8009,23039.2177,38836.9105
equity,2024-10-09,8808.236,29284.4485,22464.5099,37809.0774
equity,2024-10-10,8803.705,29269.1519,22350.4478,37650.1427
equity,2024-10-11,9108.1234,30292.0889,23155.3264,39181.5816
equity,2024-10-12,9218.6282,30656.5668,23432.6684,39578.0386
equity,2024-10-13,9212.9048,30639.6028,23305.9814,39582.8365
equity,2024-10-14,9775.6215,32509.2802,24490.6299,41871.1691
equity,2024-10-15,9741.5944,32390.7087,24859.581,41913.1953
equity,2024-10-16,9766.2764,32469.87,25071.5401,42058.0808
equity,2024-10-17,9667.4622,32132.5298,24992.6008,41519.0471
equity,2024-10-18,9860.2543,32779.8212,25370.4398,42433.1925
equity,2024-10-19,9962.1127,33129.0529,25349.6541,42968.201
equity,2024-10-20,10266.6231,34144.6457,25586.5908,44048.9391
equity,2024-10-21,10066.6121,33491.6205,24980.7406,43376.1479
equity,2024-10-22,10026.5978,33370.0103,24978.3506,43492.0679
equity,2024-10-23,9901.9441,32989.1543,24633.789,43567.5495
equity,2024-10-24,10137.6329,33787.0746,25274.8691,44898.0119
equity,2024-10-25,9699.5653,32309.8589,24711.7404,42967.0674
equity,2024-10-26,9890.6336,32951.9794,24849.7864,43776.7801
equity,2024-10-27,10080.7329,33594.5342,25188.9307,44765.6367
equity,2024-10-28,10289.7597,34284.8315,25922.5658,45674.4282
equity,2024-10-29,10552.041,35148.6949,26965.5587,46853.7374
equity,2024-10-30,10477.2694,34883.7939,26824.2971,46211.5551
equity,2024-10-31,10056.677,33491.0918,26036.5641,44698.6375
equity,2024-11-01,9973.2957,33213.5397,25764.864,44184.8989
equity,2024-11-02,9930.6234,33074.2395,25693.225,44086.3447
equity,2024-11-03,9789.6116,32603.9849,25489.9626,43490.0402
equity,2024-11-04,9570.6358,31873.0105,25145.2533,42599.0388
equity,2024-11-05,9858.735,32833.6159,25719.289,44201.9516
equity,2024-11-06,10962.9775,36514.7849,28047.8025,48795.5537
equity,2024-11-07,11386.8027,37934.1094,28146.3571,49956.0057
equity,2024-11-08,11575.9794,38564.286,28383.905,50592.8681
equity,2024-11-09,11819.3455,39352.6421,28470.4488,50708.2469
equity,2024-11-10,12286.9111,40918.8076,29840.7142,53235.0187
equity,2024-11-11,13180.1138,43876.3927,32891.4864,57633.9574
equity,2024-11-12,12781.0807,42512.4899,32614.9831,56189.3275
equity,2024-11-13,12897.3062,42898.8608,33589.6048,57478.6112
equity,2024-11-14,12437.0524,41377.5689,32353.4194,55589.9631
equity,2024-11-15,12850.6883,42764.6697,33768.2777,57989.4085
equity,2024-11-16,12827.5152,42677.3057,33580.0796,57547.1847
equity,2024-11-17,13131.4273,43735.7106,33315.8304,59807.326
equity,2024-11-18,13398.4426,44611.523,33574.2074,60312.2978
equity,2024-11-19,13318.1153,44354.9082,34242.0931,60805.5145
equity,2024-11-20,13305.676,44322.142,34982.1218,61252.1401
equity,2024-11-21,14330.1326,47721.7468,36526.6365,65227.772
equity,2024-11-22,14301.0932,47628.0923,36709.4232,65352.0751
equity,2024-11-23,14313.0034,47657.384,36256.8918,64748.1001
equity,2024-11-24,14236.8297,47402.8688,36344.6031,64587.7008
equity,2024-11-25,13736.6586,45691.3259,34523.3561,60707.8837
equity,2024-11-26,13497.8466,44894.9892,34109.1689,59905.7984
equity,2024-11-27,14361.999,47763.5799,35583.9625,62646.6178
equity,2024-11-28,14156.3464,47076.8291,35468.9879,62022.4314
equity,2024-11-29,14378.4678,47815.4321,36139.8053,63341.4805
equity,2024-11-30,14364.9129,47767.611,35764.3708,62313.3885
equity,2024-12-01,14400.0981,47883.0864,36072.4162,62540.2371
equity,2024-12-02,14015.1543,46601.285,35547.9098,60729.3849
equity,2024-12-03,14163.9778,47104.367,35598.6588,61765.1635
equity,2024-12-04,14495.6637,48172.8993,36624.4582,62189.7217
equity,2024-12-05,14448.8233,48034.5109,35817.9587,61990.4774
equity,2024-12-06,14924.4112,49613.3219,37051.6991,63549.4403
equity,2024-12-07,14951.4724,49705.3139,37052.6725,63724.7051
equity,2024-12-08,14982.5336,49805.1665,37539.4285,63980.5385
equity,2024-12-09,14031.4373,46635.9351,36129.1242,60350.9457
equity,2024-12-10,13808.8172,45900.4798,35848.3131,59661.4241
equity,2024-12-11,14572.2121,48433.7406,37516.0732,62882.4106
equity,2024-12-12,14575.0996,48435.3832,37097.0452,62434.7042
equity,2024-12-13,14631.3513,48625.0891,37622.2092,62673.0551
equity,2024-12-14,14464.6756,48073.7405,37590.2123,62037.8851
equity,2024-12-15,14790.6724,49160.4885,38675.1039,63518.4756
equity,2024-12-16,14757.0038,49043.3078,39316.9864,63211.3374
equity,2024-12-17,14780.2867,49137.3029,39358.103,64071.445
equity,2024-12-18,13793.5227,45858.7367,37096.5035,59936.1489
equity,2024-12-19,13152.1151,43724.5217,36150.7182,57545.7261
equity,2024-12-20,13233.1616,43991.3445,36248.9744,57624.3675
equity,2024-12-21,12742.0373,42365.6622,36051.9984,55783.6786
equity,2024-12-22,12546.1377,41716.9733,35265.9573,54944.3943
equity,2024-12-23,12927.3301,42982.0759,35110.7005,56077.3229
equity,2024-12-24,13368.497,44451.9884,36590.1813,58342.6654
equity,2024-12-25,13408.8538,44587.4458,36821.2343,58614.0875
equity,2024-12-26,12833.1682,42676.7534,35522.0313,56250.2825
equity,2024-12-27,12658.1183,42092.9723,34917.366,55138.8393
equity,2024-12-28,13046.0034,43386.3202,35287.8323,56927.1025
equity,2024-12-29,12793.5541,42541.3267,34682.0372,55706.1699
equity,2024-12-30,12791.6753,42531.9095,34353.122,55571.0874
equity,2024-12-31,12756.7483,42420.5189,34644.5766,55614.89
equity,2025-01-01,12931.4673,43003.786,35011.8851,56536.7493
equity,2025-01-02,13482.9141,44824.0042,35926.7193,59132.2678
equity,2025-01-03,13958.4626,46394.9724,36379.3145,60787.5035
equity,2025-01-04,14010.2653,46561.4797,36427.0738,60696.284
equity,2025-01-05,13912.4672,46242.3951,36456.2693,60330.7421
equity,2025-01-06,14270.9857,47448.5523,37851.6775,62291.3799
equity,2025-01-07,13270.9536,44140.6303,35940.0048,58471.5927
equity,2025-01-08,13010.9245,43275.1086,35243.1843,57243.6856
equity,2025-01-09,12477.663,41507.8992,34294.0993,54794.1662
equity,2025-01-10,12695.7605,42237.1518,35116.3409,55865.7717
equity,2025-01-11,12718.509,42311.8108,35066.3335,55874.6387
equity,2025-01-12,12706.7671,42272.6332,35037.3523,55921.4493
equity,2025-01-13,12406.5561,41286.1682,35047.7669,55193.295
equity,2025-01-14,12716.8859,42317.9851,35795.8868,56471.1614
equity,2025-01-15,13609.6861,45276.0517,37268.1716,60193.8594
equity,2025-01-16,13499.3256,44931.535,36990.9585,60615.7464
equity,2025-01-17,14116.3224,46983.5306,38735.6735,63279.1575
equity,2025-01-18,14772.4833,49229.3754,38715.6613,68548.564
equity,2025-01-19,14261.2078,47520.1162,37485.1395,66033.235
equity,2025-01-20,14255.5921,47479.3837,37828.9016,65421.4984
equity,2025-01-21,14673.5237,48891.7317,39360.2033,67877.0351
equity,2025-01-22,14563.5752,48526.0187,38435.699,67778.7542
equity,2025-01-23,14650.5456,48807.8121,38549.5757,67459.4321
equity,2025-01-24,14650.0268,48813.5123,38868.2182,67763.9479
equity,2025-01-25,14709.6917,49009.3577,38829.3439,68040.7485
equity,2025-01-26,14199.3713,47323.6914,38075.8009,65540.6135
equity,2025-01-27,13972.5835,46573.0138,37855.2378,64639.2918
equity,2025-01-28,13630.7317,45441.2212,37575.1973,63428.7151
equity,2025-01-29,13804.374,46021.6454,38454.2917,64357.8973
equity,2025-01-30,14273.8078,47584.0646,38837.0034,66078.8972
equity,2025-01-31,14091.9931,46987.6406,37972.9095,64360.4438
equity,2025-02-01,13388.9418,44658.4995,37324.3176,61583.8753
equity,2025-02-02,12675.669,42285.3663,36224.1474,59222.5573
equity,2025-02-03,13125.3989,43803.7811,37602.2462,62147.1972
equity,2025-02-04,12561.4394,41926.3003,36291.9479,59791.0544
equity,2025-02-05,12370.584,41266.9911,35826.0702,57964.3068
equity,2025-02-06,12089.326,40337.2255,35817.8573,57158.2315
equity,2025-02-07,12034.5848,40169.57,35794.0472,57454.9607
equity,2025-02-08,12199.4337,40729.8477,35776.7553,58399.5602
equity,2025-02-09,12212.4565,40774.8866,35783.2966,58519.6903
equity,2025-02-10,12299.9981,41065.1094,36130.9174,58823.3284
equity,2025-02-11,12089.6846,40365.1668,35504.2005,57943.4559
equity,2025-02-12,12367.3429,41276.8709,36297.1537,58521.7555
equity,2025-02-13,12171.5475,40631.1061,35829.1932,57796.2106
equity,2025-02-14,12398.7472,41390.4944,36157.3986,58802.4914
equity,2025-02-15,12239.6326,40859.6186,36183.8681,58130.0886
equity,2025-02-16,12011.5308,40090.656,35662.7598,56878.1008
equity,2025-02-17,11893.7473,39670.1991,35513.8242,55328.4642
equity,2025-02-18,11588.4611,38641.4677,35427.1153,54088.0671
equity,2025-02-19,11699.0169,39007.6903,35833.5473,54428.8199
equity,2025-02-20,11962.6777,39895.5219,36463.306,55954.4493
equity,2025-02-21,11594.5865,38664.443,35644.4105,54255.5161
equity,2025-02-22,11841.889,39480.4755,35812.0953,54856.3739
equity,2025-02-23,11820.6174,39396.5051,35699.4296,54187.8445
equity,2025-02-24,10589.6357,35267.2125,33898.8641,48993.0672
equity,2025-02-25,10506.0153,35003.1055,32904.3489,48497.6096
equity,2025-02-26,9878.8472,32916.2556,31276.8044,45784.6929
equity,2025-02-27,9922.536,33067.5092,31409.2593,46305.8331
equity,2025-02-28,10056.4157,33535.0207,31286.4397,47724.8755
equity,2025-03-01,9996.34,33319.7896,31901.5804,47645.7807
equity,2025-03-02,11577.1761,38590.6553,34948.3258,55235.4754
equity,2025-03-03,9894.6318,32935.2907,31914.0982,47620.0237
equity,2025-03-04,10042.903,33431.7011,32342.9498,48403.6969
equity,2025-03-05,10315.9294,34339.6986,33604.2142,49667.2935
equity,2025-03-06,10160.7033,33826.5373,33358.7981,49032.5828
equity,2025-03-07,9844.8492,32771.9322,32165.1372,47424.2064
equity,2025-03-08,9865.7998,32839.2807,31947.0714,46906.8629
equity,2025-03-09,9123.5461,30368.9833,29887.7522,43633.3566
equity,2025-03-10,8617.0411,28681.8348,29120.5297,41778.9977
equity,2025-03-11,9034.8684,30074.0159,30726.2196,44151.6567
equity,2025-03-12,9081.1676,30226.9393,31045.1721,44612.8805
equity,2025-03-13,8833.4884,29402.0451,30060.4255,43307.7096
equity,2025-03-14,9253.3447,30794.757,31136.6668,45714.9639
equity,2025-03-15,9371.9646,31190.6531,31275.353,46217.1382
equity,2025-03-16,8994.6675,29945.9856,30621.4568,44204.585
equity,2025-03-17,9163.3126,30508.4511,31176.1901,44989.114
equity,2025-03-18,9057.6724,30147.309,30672.93,44143.614
equity,2025-03-19,9651.4383,32123.5581,32206.5029,46961.9439
equity,2025-03-20,9242.7567,30760.8238,31210.1222,44925.0644
equity,2025-03-21,9232.3782,30731.5196,31164.159,45030.4736
equity,2025-03-22,9250.0076,30789.387,31086.0077,44974.9307
equity,2025-03-23,9469.2433,31520.9824,31909.9091,46274.7486
equity,2025-03-24,9833.5987,32730.8514,32445.5601,47967.8043
equity,2025-03-25,9884.1416,32904.7453,32435.47,48395.4021
equity,2025-03-26,9618.4911,32024.5666,32223.8036,47262.4491
equity,2025-03-27,9641.3598,32104.5265,32326.2285,47505.7562
equity,2025-03-28,9156.3038,30496.4798,31279.0756,45304.1962
equity,2025-03-29,8867.322,29539.4515,30628.0937,44035.6171
equity,2025-03-30,8824.9845,29398.7313,30530.5473,43964.7354
equity,2025-03-31,8862.1859,29521.9481,30610.0457,44037.3759
equity,2025-04-01,9135.681,30433.8039,31581.6661,45133.0137
equity,2025-04-02,8649.8704,28812.9131,30586.6092,42947.4926
equity,2025-04-03,8687.3725,28936.714,30815.4431,43018.9314
equity,2025-04-04,8853.4979,29492.874,31090.2054,44149.8743
equity,2025-04-05,8765.6696,29200.0289,30964.4975,43654.0645
equity,2025-04-06,7856.5615,26170.4831,29002.7914,39795.9469
equity,2025-04-07,7884.654,26263.7247,29381.3344,40284.4568
equity,2025-04-08,7612.9774,25356.97,28282.4795,39204.6737
equity,2025-04-09,8486.2412,28262.5088,30619.3304,43223.1502
equity,2025-04-10,7987.482,26609.4731,29526.2491,41364.1794
equity,2025-04-11,8396.3635,27976.7264,30927.4309,43864.7878
equity,2025-04-12,8840.5483,29464.8976,31625.3986,46106.75
equity,2025-04-13,8618.8518,28727.2086,31031.3101,45059.6287
equity,2025-04-14,8712.138,29036.0861,31349.2487,45431.8135
equity,2025-04-15,8552.4925,28504.4082,31025.383,44701.2719
equity,2025-04-16,8659.7453,28873.1775,31160.6826,45609.1801
equity,2025-04-17,8766.8104,29236.8723,31480.2783,46363.4698
equity,2025-04-18,8750.638,29179.8242,31315.2876,46132.5449
equity,2025-04-19,8938.3492,29809.1171,31542.4499,47170.3268
equity,2025-04-20,8851.6887,29525.0701,31583.5694,46915.4267
equity,2025-04-21,8892.1037,29671.3047,32452.9735,47487.5601
equity,2025-04-22,9691.8381,32323.2825,34649.2812,51121.36
equity,2025-04-23,9825.3256,32765.4775,34744.6608,51561.2658
equity,2025-04-24,9808.23,32717.4006,34835.3936,51807.9676
equity,2025-04-25,9838.1101,32811.6736,35123.4037,51845.0413
equity,2025-04-26,9868.6142,32901.1326,35096.123,51579.6663
equity,2025-04-27,9760.6739,32546.4379,34765.3277,51148.0751
equity,2025-04-28,9804.8982,32692.3891,35219.1656,51460.397
equity,2025-04-29,9752.2537,32512.8345,34961.8372,51038.7144
equity,2025-04-30,9766.2064,32561.3503,34933.1081,51199.0113
equity,2025-05-01,9998.392,33335.0899,35780.4199,52383.9544
equity,2025-05-02,9957.3536,33198.2569,35935.3204,52090.3541
equity,2025-05-03,9878.785,32934.9951,35557.7334,51589.1223
equity,2025-05-04,9716.349,32393.0789,34973.4019,50680.1787
equity,2025-05-05,9811.3045,32712.3327,35133.6212,51226.4114
equity,2025-05-06,9875.5268,32926.3278,35895.4235,51865.2297
equity,2025-05-07,9886.2797,32964.7926,35980.6521,52003.5534
equity,2025-05-08,11181.7412,37313.268,38283.0697,56455.5957
equity,2025-05-09,11598.7364,38736.8169,38182.7248,57698.2481
equity,2025-05-10,12163.7437,40615.5639,38822.5505,58940.2701
equity,2025-05-11,11925.4757,39810.5774,38603.7836,58090.0104
equity,2025-05-12,11880.583,39666.2228,38124.1743,57859.9496
equity,2025-05-13,12446.2889,41554.3209,38627.3127,59699.4344
equity,2025-05-14,12151.3439,40559.0815,38393.554,58466.6677
equity,2025-05-15,11887.0559,39669.4269,38469.6543,57425.6244
equity,2025-05-16,11821.6362,39450.9252,38374.9671,57098.2982
equity,2025-05-17,11682.4695,38988.8582,38264.3901,56797.2599
equity,2025-05-18,12025.4462,40140.8712,39471.351,58995.32
equity,2025-05-19,11885.6605,39659.7248,39159.9335,57695.3815
equity,2025-05-20,11960.0243,39910.2537,39599.3097,58304.7615
equity,2025-05-21,12234.6272,40828.8233,40669.8382,59977.6715
equity,2025-05-22,12627.9537,42143.4722,41409.6815,61496.2399
equity,2025-05-23,12105.2375,40407.0942,39783.4956,59258.3117
equity,2025-05-24,12180.7393,40664.4857,39970.1468,59743.8728
equity,2025-05-25,12254.6601,40909.6588,40431.5226,60087.2021
equity,2025-05-26,12271.7758,40962.9909,40581.6924,60091.9878
equity,2025-05-27,12462.143,41583.0948,40416.4121,60238.2133
equity,2025-05-28,12342.9202,41168.4887,39974.2895,59180.9452
equity,2025-05-29,12051.2921,40193.4975,39173.1262,57673.79
equity,2025-05-30,11582.6497,38629.7196,38563.8142,55609.3261
equity,2025-05-31,11614.6609,38737.8607,38800.9565,55865.2414
equity,2025-06-01,11691.1939,38994.0833,39176.9618,56348.9257
equity,2025-06-02,11791.0167,39320.5198,39262.0369,56296.1238
equity,2025-06-03,11712.1843,39057.3103,39095.5195,55903.3034
equity,2025-06-04,11660.2913,38881.7025,38835.7722,55383.1514
equity,2025-06-05,11030.9901,36790.3441,37665.4811,53056.0737
equity,2025-06-06,11311.1618,37725.2005,38709.0881,54424.9065
equity,2025-06-07,11487.6222,38311.9331,39163.4359,55141.2086
equity,2025-06-08,11528.034,38449.313,39229.4489,55560.1023
equity,2025-06-09,12170.9137,40594.0406,40898.2665,58267.879
equity,2025-06-10,12474.95,41586.529,40884.5957,58875.8716
equity,2025-06-11,12257.689,40858.372,40302.1965,57785.8933
equity,2025-06-12,11765.1794,39216.0267,39279.6591,55668.2808
equity,2025-06-13,11553.8638,38523.5365,39339.6986,55057.7885
equity,2025-06-14,11361.5222,37885.5661,39110.3288,54254.3346
equity,2025-06-15,11592.3424,38664.1607,39139.8517,55588.1737
equity,2025-06-16,11579.8118,38620.6207,39601.4129,55651.6907
equity,2025-06-17,11375.4054,37938.4903,38787.2452,54504.5882
equity,2025-06-18,11370.6171,37921.263,38891.8922,54363.9434
equity,2025-06-19,11377.9172,37946.0592,38818.0863,54421.5062
equity,2025-06-20,10977.7289,36612.7073,38308.337,52907.7115
equity,2025-06-21,10648.1062,35510.9229,37918.1714,51781.8517
equity,2025-06-22,10398.7314,34681.471,37447.143,50828.0054
equity,2025-06-23,11208.4195,37373.6369,39149.4001,54354.4568
equity,2025-06-24,11294.0117,37658.812,39322.8875,54671.2752
equity,2025-06-25,11232.3598,37456.7231,39810.7357,54656.3432
equity,2025-06-26,11096.6422,37006.9746,39661.9449,53805.342
equity,2025-06-27,11195.7623,37339.0005,39709.5681,54368.2427
equity,2025-06-28,11449.2701,38190.7436,39798.2933,55871.3764
equity,2025-06-29,11652.2322,38862.9033,40190.5621,56589.2449
equity,2025-06-30,11619.9445,38755.1523,39726.9614,56441.6118
equity,2025-07-01,11247.3437,37510.8217,39194.0857,54776.1038
equity,2025-07-02,11757.4157,39196.2517,40366.2338,56561.1353
equity,2025-07-03,11821.1382,39405.8116,40658.6762,56821.012
equity,2025-07-04,11516.9116,38394.5674,40060.3205,55596.8549
equity,2025-07-05,11534.5365,38452.0043,40133.3123,55634.1785
equity,2025-07-06,11762.4351,39212.6203,40504.4536,56617.8278
equity,2025-07-07,11608.8382,38699.3513,40158.7766,55858.6078
equity,2025-07-08,11818.3385,39399.1351,40399.9602,56527.2294
equity,2025-07-09,12284.9362,40938.5339,41281.1115,58109.513
equity,2025-07-10,12908.3787,43004.7274,43009.3312,60573.8218
equity,2025-07-11,12940.1813,43105.4983,43576.5938,60836.5361
equity,2025-07-12,12858.9198,42828.819,43546.2742,60455.8891
equity,2025-07-13,12979.2379,43226.1,44169.5669,61028.5353
equity,2025-07-14,13093.8795,43605.2816,44441.5887,61418.9364
equity,2025-07-15,13249.1844,44114.3502,43673.0771,61093.6455
equity,2025-07-16,13869.631,46194.2898,44029.5452,62955.2459
equity,2025-07-17,14091.6829,46931.3861,44233.9867,63448.7643
equity,2025-07-18,14180.5821,47229.0639,43756.8949,63310.8282
equity,2025-07-19,14233.5629,47398.1409,43733.4411,63243.2848
equity,2025-07-20,14546.5165,48433.4496,43496.4233,63743.8718
equity,2025-07-21,14923.8296,49754.1423,43547.8733,65990.2361
equity,2025-07-22,15247.517,50873.7192,44495.6199,68222.175
equity,2025-07-23,14649.572,48826.1349,44035.6462,65495.4265
equity,2025-07-24,14572.9646,48528.5587,43892.1569,64333.4638
equity,2025-07-25,14676.1838,48882.2536,43620.6798,64747.1441
equity,2025-07-26,14660.9845,48824.3998,43736.1816,64563.1532
equity,2025-07-27,15002.553,49949.9456,44292.8153,65607.2343
equity,2025-07-28,14661.5277,48813.9418,43727.6935,64198.7746
equity,2025-07-29,14637.3868,48731.9998,43726.8302,64013.7713
equity,2025-07-30,14556.7656,48456.4303,43693.1009,63427.4541
equity,2025-07-31,14185.3853,47220.3714,42924.4155,61979.2144
equity,2025-08-01,13555.936,45130.2152,42020.3348,59750.0832
equity,2025-08-02,13274.7823,44206.7048,41726.2179,58813.3193
equity,2025-08-03,13576.4242,45205.4005,42353.1695,59872.8372
equity,2025-08-04,14112.054,46967.9723,42669.9203,61325.8414
equity,2025-08-05,13787.176,45898.1185,42324.9039,60207.4268
equity,2025-08-06,14031.0139,46702.3501,42653.6481,61122.0935
equity,2025-08-07,14629.8119,48686.7572,43569.1428,63018.1471
equity,2025-08-08,14755.1368,49089.3489,43269.4638,62972.3274
equity,2025-08-09,15162.8177,50414.9253,43199.6152,63443.9505
equity,2025-08-10,15347.9923,51036.5144,44240.2586,64724.5087
equity,2025-08-11,15069.7003,50108.3671,44026.9264,63329.6968
equity,2025-08-12,16051.4379,53360.5349,44561.436,66418.3191
equity,2025-08-13,16655.3612,55372.9185,45737.3356,68873.3998
equity,2025-08-14,15939.8747,52994.9642,43889.0339,65962.8099
equity,2025-08-15,15581.8926,51803.5112,43532.6006,64641.4178
equity,2025-08-16,15682.0841,52137.7482,43567.086,65278.9894
equity,2025-08-17,15776.2666,52445.0028,43552.888,65475.8366
equity,2025-08-18,15305.8645,50897.7348,43107.6367,63892.8199
equity,2025-08-19,14672.1404,48813.2463,41839.043,61774.5046
equity,2025-08-20,15370.4309,51124.1948,42374.3318,63969.8609
equity,2025-08-21,14954.0121,49746.2232,41686.2138,62300.068
equity,2025-08-22,16443.489,54664.4838,43338.1971,66753.874
equity,2025-08-23,16397.6878,54520.9656,42782.0704,66744.7532
equity,2025-08-24,16364.5993,54403.4206,42071.6342,66390.2133
equity,2025-08-25,15241.6511,50691.3522,40835.3213,62684.5571
equity,2025-08-26,15821.6113,52606.0199,41457.6552,64479.1944
equity,2025-08-27,15870.0458,52773.2992,41242.3646,65293.2547
equity,2025-08-28,16237.0054,53992.6697,41732.852,67337.3758
equity,2025-08-29,15630.3418,51973.4471,40199.9309,64685.2128
equity,2025-08-30,15605.5828,51893.3383,40347.2297,64496.1509
equity,2025-08-31,15545.3419,51694.9992,40135.3634,64028.8457
equity,2025-09-01,15403.3258,51237.7182,40511.3223,63848.0854
equity,2025-09-02,15827.9454,52657.8184,41234.4009,66233.7137
equity,2025-09-03,16038.8072,53353.6418,41428.196,66583.4922
equity,2025-09-04,15595.8636,51897.7052,41057.5298,65123.0396
equity,2025-09-05,15627.0834,51999.6751,41030.6026,65229.9305
equity,2025-09-06,15482.7095,51524.1001,40872.5299,64634.9441
equity,2025-09-07,15726.7316,52329.6466,41222.1757,65820.074
equity,2025-09-08,15969.4593,53134.5661,41557.3193,67191.5811
equity,2025-09-09,16022.1398,53306.4631,41356.754,67425.7493
equity,2025-09-10,16352.2661,54409.1068,42255.9012,69163.051
equity,2025-09-11,16684.074,55509.7279,42831.4665,70335.6087
equity,2025-09-12,17365.5555,57754.1961,43051.7427,72349.6181
equity,2025-09-13,17305.6807,57560.2327,42995.7242,72334.327
equity,2025-09-14,17156.608,57068.4259,42794.4288,71878.7886
equity,2025-09-15,16905.4132,56242.6627,42808.2299,71087.1285
equity,2025-09-16,17004.7683,56583.9772,43326.7396,71920.939
equity,2025-09-17,17290.0626,57523.124,43187.8043,72827.7216
equity,2025-09-18,17383.3741,57839.134,43435.7638,73423.362
equity,2025-09-19,16947.7331,56393.6233,42898.702,71739.8318
equity,2025-09-20,16988.3018,56528.6512,42910.9765,71887.2752
equity,2025-09-21,16857.0057,56093.6068,42756.7683,71347.927
equity,2025-09-22,16035.4888,53364.4345,41808.3873,68346.3361
equity,2025-09-23,15785.5118,52543.5576,41536.2092,67181.8702
equity,2025-09-24,15782.3775,52537.7218,42023.5041,67359.8692
equity,2025-09-25,14737.1182,49071.8189,40436.6763,63243.8781
equity,2025-09-26,15319.607,50982.7847,40682.7239,65313.9844
equity,2025-09-27,15251.6727,50759.0353,40671.2722,65059.1419
weights,2023-09-30,0.3344,0.3371,0.3285,
weights,2023-10-01,0.3284,0.3407,0.3309,
weights,2023-11-01,0.3328,0.338,0.3292,
weights,2023-12-01,0.3442,0.3329,0.3229,
weights,2024-01-01,0.3272,0.3289,0.3439,
weights,2024-02-01,0.3354,0.3348,0.3298,
weights,2024-03-01,0.3279,0.3292,0.343,
weights,2024-04-01,0.3386,0.3398,0.3216,
weights,2024-05-01,0.3386,0.3372,0.3241,
weights,2024-06-01,0.3423,0.3282,0.3295,
weights,2024-07-01,0.329,0.3358,0.3352,
weights,2024-08-01,0.3376,0.3276,0.3348,
weights,2024-09-01,0.3363,0.3322,0.3315,
weights,2024-10-01,0.3429,0.3293,0.3278,
weights,2024-11-01,0.3295,0.343,0.3275,
weights,2024-12-01,0.328,0.3414,0.3306,
weights,2025-01-01,0.3274,0.3317,0.3408,
weights,2025-02-01,0.3365,0.3396,0.3239,
weights,2025-03-01,0.335,0.3312,0.3338,
weights,2025-04-01,0.3345,0.3366,0.3289,
weights,2025-05-01,0.3317,0.3358,0.3325,
weights,2025-06-01,0.3307,0.339,0.3303,
weights,2025-07-01,0.3324,0.346,0.3217,
weights,2025-08-01,0.3198,0.3389,0.3413,
weights,2025-09-01,0.3214,0.3445,0.3341,
metrics,RL Agent,52.52,15.76,0.239,-80.63
metrics,Equal Weight,407.59,75.61,1.466,-49.09
metrics,Buy & Hold BTC,306.71,62.63,1.557,-28.14
metrics,MVO (Max Sharpe),550.59,91.39,1.787,-42.81
meta,train_years,3.0,,,
meta,test_start,,2023-09-30,2025-09-27,
meta,factors_used,30.0,"f1_cont,f2_cont,f5_cont,f6_cont,f7_cont,f8_cont,f9_cont,f12_cont,f13_cont,f14_cont",,
