row_type,label,value,extra
weights,BTC,0.5656,
weights,ETH,0.0,
weights,SOL,0.4344,
minvol_weights,BTC,1.0,
minvol_weights,ETH,0.0,
minvol_weights,SOL,0.0,
asset_stats,BTC,0.7019,"vol=0.6154,sharpe=1.1406"
asset_stats,ETH,0.8365,"vol=0.7931,sharpe=1.0548"
asset_stats,SOL,1.6564,"vol=1.2204,sharpe=1.3573"
history,2023-01-01,100.0,100.0
history,2023-01-02,104.82,105.83
history,2023-01-03,111.72,114.82
history,2023-01-04,113.55,115.84
history,2023-01-05,113.28,115.68
history,2023-01-06,114.39,116.53
history,2023-01-07,112.8,114.66
history,2023-01-08,117.82,120.46
history,2023-01-09,125.6,129.45
history,2023-01-10,126.16,129.84
history,2023-01-11,129.11,132.21
history,2023-01-12,132.68,136.52
history,2023-01-13,141.28,147.32
history,2023-01-14,166.07,176.89
history,2023-01-15,161.34,170.58
history,2023-01-16,164.94,174.63
history,2023-01-17,162.36,171.58
history,2023-01-18,153.17,161.12
history,2023-01-19,156.92,164.98
history,2023-01-20,176.85,188.33
history,2023-01-21,173.07,184.67
history,2023-01-22,171.67,182.75
history,2023-01-23,172.51,184.03
history,2023-01-24,164.71,176.21
history,2023-01-25,173.14,185.58
history,2023-01-26,171.99,184.33
history,2023-01-27,172.14,184.73
history,2023-01-28,169.9,182.72
history,2023-01-29,180.62,194.61
history,2023-01-30,169.26,181.91
history,2023-01-31,170.41,182.96
history,2023-02-01,176.59,189.48
history,2023-02-02,173.7,185.45
history,2023-02-03,175.64,187.18
history,2023-02-04,174.25,185.2
history,2023-02-05,169.76,180.34
history,2023-02-06,166.32,176.25
history,2023-02-07,172.73,182.99
history,2023-02-08,169.26,178.97
history,2023-02-09,154.96,163.23
history,2023-02-10,152.68,161.26
history,2023-02-11,156.15,165.05
history,2023-02-12,157.5,167.65
history,2023-02-13,154.98,164.67
history,2023-02-14,160.64,170.57
history,2023-02-15,174.95,186.64
history,2023-02-16,167.31,177.35
history,2023-02-17,173.65,184.39
history,2023-02-18,174.76,186.01
history,2023-02-19,178.4,190.87
history,2023-02-20,184.47,198.41
history,2023-02-21,178.32,191.71
history,2023-02-22,174.86,187.52
history,2023-02-23,173.65,185.48
history,2023-02-24,168.13,179.24
history,2023-02-25,165.95,176.86
history,2023-02-26,170.44,181.36
history,2023-02-27,168.3,178.78
history,2023-02-28,164.17,174.12
history,2023-03-01,168.74,178.39
history,2023-03-02,166.2,175.54
history,2023-03-03,159.85,169.21
history,2023-03-04,158.32,167.29
history,2023-03-05,158.46,167.62
history,2023-03-06,157.38,166.11
history,2023-03-07,155.51,163.69
history,2023-03-08,147.64,154.05
history,2023-03-09,138.56,144.6
history,2023-03-10,141.06,148.07
history,2023-03-11,143.38,149.51
history,2023-03-12,156.4,163.79
history,2023-03-13,163.39,171.25
history,2023-03-14,166.78,175.26
history,2023-03-15,159.26,166.88
history,2023-03-16,162.67,171.09
history,2023-03-17,176.96,187.42
history,2023-03-18,173.74,183.98
history,2023-03-19,178.92,190.71
history,2023-03-20,177.89,190.97
history,2023-03-21,182.17,194.29
history,2023-03-22,174.71,186.38
history,2023-03-23,181.41,193.08
history,2023-03-24,172.81,183.52
history,2023-03-25,171.8,182.52
history,2023-03-26,175.46,186.52
history,2023-03-27,168.55,179.03
history,2023-03-28,172.23,181.85
history,2023-03-29,177.1,188.32
history,2023-03-30,174.59,184.81
history,2023-03-31,178.36,189.02
history,2023-04-01,177.35,187.94
history,2023-04-02,174.96,185.31
history,2023-04-03,174.23,183.51
history,2023-04-04,178.28,186.89
history,2023-04-05,179.5,187.1
history,2023-04-06,177.04,185.1
history,2023-04-07,176.13,184.09
history,2023-04-08,174.28,182.27
history,2023-04-09,176.2,184.73
history,2023-04-10,182.23,191.76
history,2023-04-11,190.01,203.04
history,2023-04-12,193.83,206.91
history,2023-04-13,198.4,209.74
history,2023-04-14,202.18,211.52
history,2023-04-15,199.27,207.93
history,2023-04-16,204.31,213.51
history,2023-04-17,198.67,207.05
history,2023-04-18,202.35,211.57
history,2023-04-19,187.38,196.9
history,2023-04-20,184.64,192.62
history,2023-04-21,177.09,185.4
history,2023-04-22,180.65,189.58
history,2023-04-23,178.73,187.35
history,2023-04-24,177.77,186.73
history,2023-04-25,181.79,191.73
history,2023-04-26,179.87,189.32
history,2023-04-27,186.67,197.49
history,2023-04-28,189.38,201.5
history,2023-04-29,189.04,200.39
history,2023-04-30,187.02,198.94
history,2023-05-01,180.59,191.25
history,2023-05-02,183.78,194.47
history,2023-05-03,185.21,195.37
history,2023-05-04,182.52,192.71
history,2023-05-05,190.81,199.81
history,2023-05-06,184.07,193.96
history,2023-05-07,181.98,191.87
history,2023-05-08,175.83,184.12
history,2023-05-09,175.83,184.11
history,2023-05-10,176.49,185.16
history,2023-05-11,171.57,179.92
history,2023-05-12,173.76,182.2
history,2023-05-13,173.24,181.94
history,2023-05-14,173.94,182.81
history,2023-05-15,175.12,183.93
history,2023-05-16,173.89,181.97
history,2023-05-17,175.85,184.9
history,2023-05-18,171.76,179.84
history,2023-05-19,172.18,180.04
history,2023-05-20,172.66,180.58
history,2023-05-21,169.21,176.35
history,2023-05-22,169.54,176.39
history,2023-05-23,172.99,179.85
history,2023-05-24,166.96,173.25
history,2023-05-25,167.53,173.89
history,2023-05-26,169.0,175.18
history,2023-05-27,172.9,180.29
history,2023-05-28,178.8,186.06
history,2023-05-29,176.92,183.98
history,2023-05-30,179.28,186.74
history,2023-05-31,176.13,183.23
history,2023-06-01,173.92,180.47
history,2023-06-02,178.56,185.21
history,2023-06-03,177.45,184.18
history,2023-06-04,179.71,187.21
history,2023-06-05,168.97,175.0
history,2023-06-06,175.04,181.44
history,2023-06-07,165.91,170.72
history,2023-06-08,167.54,172.47
history,2023-06-09,162.21,165.72
history,2023-06-10,152.75,156.08
history,2023-06-11,152.63,155.96
history,2023-06-12,151.05,154.25
history,2023-06-13,150.38,153.53
history,2023-06-14,144.56,148.52
history,2023-06-15,146.79,151.24
history,2023-06-16,151.55,156.19
history,2023-06-17,153.35,158.3
history,2023-06-18,152.11,156.78
history,2023-06-19,155.74,161.3
history,2023-06-20,162.09,168.77
history,2023-06-21,170.32,177.25
history,2023-06-22,167.53,174.19
history,2023-06-23,171.35,179.06
history,2023-06-24,168.93,176.4
history,2023-06-25,170.53,177.55
history,2023-06-26,166.63,173.79
history,2023-06-27,169.48,176.73
history,2023-06-28,164.44,171.93
history,2023-06-29,172.46,181.78
history,2023-06-30,177.87,185.92
history,2023-07-01,177.14,185.38
history,2023-07-02,180.13,188.83
history,2023-07-03,180.99,189.73
history,2023-07-04,179.39,188.01
history,2023-07-05,177.63,186.46
history,2023-07-06,177.16,187.61
history,2023-07-07,184.5,196.72
history,2023-07-08,185.51,198.18
history,2023-07-09,183.49,195.55
history,2023-07-10,184.35,196.23
history,2023-07-11,187.3,200.32
history,2023-07-12,186.29,199.04
history,2023-07-13,205.71,220.34
history,2023-07-14,203.93,219.55
history,2023-07-15,205.82,222.27
history,2023-07-16,205.49,222.08
history,2023-07-17,203.24,219.5
history,2023-07-18,197.83,212.74
history,2023-07-19,200.47,216.54
history,2023-07-20,196.95,211.78
history,2023-07-21,197.78,212.92
history,2023-07-22,193.38,208.06
history,2023-07-23,195.46,210.13
history,2023-07-24,187.92,201.01
history,2023-07-25,187.9,200.74
history,2023-07-26,194.89,209.43
history,2023-07-27,194.02,208.6
history,2023-07-28,193.79,207.87
history,2023-07-29,195.12,209.4
history,2023-07-30,191.38,205.18
history,2023-07-31,189.34,202.67
history,2023-08-01,191.59,205.4
history,2023-08-02,186.78,199.9
history,2023-08-03,185.03,197.78
history,2023-08-04,185.14,198.11
history,2023-08-05,184.74,197.29
history,2023-08-06,186.37,199.7
history,2023-08-07,186.25,199.67
history,2023-08-08,192.04,206.63
history,2023-08-09,192.14,206.66
history,2023-08-10,192.56,207.23
history,2023-08-11,192.3,206.99
history,2023-08-12,193.47,208.46
history,2023-08-13,190.72,205.12
history,2023-08-14,194.11,209.47
history,2023-08-15,188.99,203.23
history,2023-08-16,183.84,196.92
history,2023-08-17,172.72,185.19
history,2023-08-18,169.58,181.47
history,2023-08-19,171.72,183.99
history,2023-08-20,171.98,183.85
history,2023-08-21,169.48,181.17
history,2023-08-22,166.15,177.98
history,2023-08-23,172.08,184.37
history,2023-08-24,168.76,180.54
history,2023-08-25,166.2,177.36
history,2023-08-26,165.56,176.74
history,2023-08-27,167.73,179.22
history,2023-08-28,166.85,178.28
history,2023-08-29,176.34,189.12
history,2023-08-30,171.63,183.54
history,2023-08-31,163.57,174.1
history,2023-09-01,161.47,171.89
history,2023-09-02,162.4,172.84
history,2023-09-03,162.86,173.55
history,2023-09-04,162.1,172.67
history,2023-09-05,164.73,175.93
history,2023-09-06,162.46,173.0
history,2023-09-07,164.76,175.83
history,2023-09-08,162.8,173.42
history,2023-09-09,162.24,172.72
history,2023-09-10,157.61,167.3
history,2023-09-11,152.75,162.8
history,2023-09-12,155.87,165.91
history,2023-09-13,158.67,169.32
history,2023-09-14,161.28,172.27
history,2023-09-15,162.93,173.94
history,2023-09-16,162.57,173.68
history,2023-09-17,161.13,172.22
history,2023-09-18,164.73,176.56
history,2023-09-19,167.08,179.77
history,2023-09-20,167.25,180.67
history,2023-09-21,162.29,175.15
history,2023-09-22,162.42,175.02
history,2023-09-23,162.56,175.17
history,2023-09-24,161.22,173.64
history,2023-09-25,161.61,173.91
history,2023-09-26,160.32,171.98
history,2023-09-27,161.06,172.9
history,2023-09-28,166.7,178.78
history,2023-09-29,168.04,179.9
history,2023-09-30,171.9,184.85
history,2023-10-01,183.83,198.93
history,2023-10-02,179.42,195.37
history,2023-10-03,179.63,195.82
history,2023-10-04,178.76,195.3
history,2023-10-05,175.48,192.03
history,2023-10-06,179.93,197.02
history,2023-10-07,179.21,196.49
history,2023-10-08,178.98,196.2
history,2023-10-09,173.01,190.1
history,2023-10-10,172.25,189.38
history,2023-10-11,170.84,187.2
history,2023-10-12,167.51,183.72
history,2023-10-13,169.85,186.41
history,2023-10-14,170.53,187.18
history,2023-10-15,170.9,187.8
history,2023-10-16,181.69,201.39
history,2023-10-17,180.43,200.94
history,2023-10-18,178.45,198.35
history,2023-10-19,184.36,206.23
history,2023-10-20,194.33,218.63
history,2023-10-21,203.34,229.67
history,2023-10-22,203.27,228.4
history,2023-10-23,221.7,251.17
history,2023-10-24,218.19,246.55
history,2023-10-25,227.19,258.65
history,2023-10-26,228.0,258.84
history,2023-10-27,223.38,253.49
history,2023-10-28,223.36,253.72
history,2023-10-29,228.69,260.34
history,2023-10-30,236.17,269.53
history,2023-10-31,248.55,285.57
history,2023-11-01,260.77,300.99
history,2023-11-02,254.29,293.84
history,2023-11-03,252.48,290.14
history,2023-11-04,263.31,303.64
history,2023-11-05,260.55,298.7
history,2023-11-06,263.66,302.54
history,2023-11-07,267.37,308.11
history,2023-11-08,268.15,309.26
history,2023-11-09,284.18,322.6
history,2023-11-10,321.65,373.45
history,2023-11-11,318.78,370.5
history,2023-11-12,318.57,370.44
history,2023-11-13,303.56,350.07
history,2023-11-14,315.98,368.25
history,2023-11-15,351.98,414.07
history,2023-11-16,320.16,374.85
history,2023-11-17,322.88,378.72
history,2023-11-18,323.24,379.1
history,2023-11-19,335.85,394.37
history,2023-11-20,320.05,373.52
history,2023-11-21,299.22,348.14
history,2023-11-22,324.66,377.96
history,2023-11-23,321.0,373.17
history,2023-11-24,323.29,375.8
history,2023-11-25,330.14,384.68
history,2023-11-26,324.9,378.36
history,2023-11-27,314.84,366.37
history,2023-11-28,327.06,381.96
history,2023-11-29,330.1,386.64
history,2023-11-30,330.41,386.11
history,2023-12-01,335.2,391.88
history,2023-12-02,352.42,412.09
history,2023-12-03,351.55,410.35
history,2023-12-04,351.89,410.57
history,2023-12-05,355.73,415.4
history,2023-12-06,356.36,418.22
history,2023-12-07,378.77,442.5
history,2023-12-08,404.48,476.66
history,2023-12-09,393.94,463.21
history,2023-12-10,402.54,474.05
history,2023-12-11,379.41,446.54
history,2023-12-12,373.1,439.29
history,2023-12-13,385.06,453.89
history,2023-12-14,403.08,475.46
history,2023-12-15,387.33,457.59
history,2023-12-16,391.85,463.45
history,2023-12-17,380.99,449.71
history,2023-12-18,395.27,468.55
history,2023-12-19,388.93,461.45
history,2023-12-20,423.1,506.19
history,2023-12-21,463.53,557.69
history,2023-12-22,480.05,576.18
history,2023-12-23,511.07,617.04
history,2023-12-24,524.75,635.86
history,2023-12-25,555.06,675.59
history,2023-12-26,523.45,635.01
history,2023-12-27,510.51,613.55
history,2023-12-28,491.58,589.37
history,2023-12-29,503.27,605.88
history,2023-12-30,488.23,586.63
history,2023-12-31,487.02,585.53
history,2024-01-01,519.53,626.82
history,2024-01-02,511.53,616.91
history,2024-01-03,476.51,574.84
history,2024-01-04,502.44,607.58
history,2024-01-05,485.37,585.34
history,2024-01-06,463.83,558.11
history,2024-01-07,447.92,538.01
history,2024-01-08,485.48,585.37
history,2024-01-09,489.55,589.58
history,2024-01-10,505.87,602.66
history,2024-01-11,499.3,592.54
history,2024-01-12,462.27,544.94
history,2024-01-13,477.08,562.35
history,2024-01-14,466.76,551.85
history,2024-01-15,470.47,555.83
history,2024-01-16,484.35,571.67
history,2024-01-17,496.69,589.58
history,2024-01-18,465.93,550.54
history,2024-01-19,464.39,547.99
history,2024-01-20,461.2,544.6
history,2024-01-21,454.78,536.7
history,2024-01-22,422.59,498.32
history,2024-01-23,423.5,502.31
history,2024-01-24,438.65,522.49
history,2024-01-25,431.77,513.99
history,2024-01-26,455.46,544.56
history,2024-01-27,461.83,553.08
history,2024-01-28,467.3,560.51
history,2024-01-29,490.26,589.27
history,2024-01-30,490.04,587.72
history,2024-01-31,472.74,567.12
history,2024-02-01,477.05,572.36
history,2024-02-02,486.05,584.02
history,2024-02-03,476.78,572.22
history,2024-02-04,467.75,560.37
history,2024-02-05,468.4,560.94
history,2024-02-06,475.67,568.1
history,2024-02-07,493.33,590.22
history,2024-02-08,501.23,601.43
history,2024-02-09,520.65,625.75
history,2024-02-10,529.63,637.44
history,2024-02-11,525.39,632.1
history,2024-02-12,547.92,657.34
history,2024-02-13,549.0,659.15
history,2024-02-14,571.63,685.38
history,2024-02-15,562.2,671.5
history,2024-02-16,551.21,658.1
history,2024-02-17,544.86,650.04
history,2024-02-18,559.0,665.49
history,2024-02-19,557.8,661.32
history,2024-02-20,550.65,649.88
history,2024-02-21,537.42,633.85
history,2024-02-22,524.83,616.99
history,2024-02-23,516.59,607.58
history,2024-02-24,534.19,628.62
history,2024-02-25,535.58,626.21
history,2024-02-26,564.6,663.84
history,2024-02-27,566.45,665.9
history,2024-02-28,613.5,726.39
history,2024-02-29,635.25,755.28
history,2024-03-01,654.61,778.12
history,2024-03-02,652.46,775.46
history,2024-03-03,659.16,782.6
history,2024-03-04,682.54,812.11
history,2024-03-05,646.36,764.11
history,2024-03-06,675.13,793.87
history,2024-03-07,722.5,854.25
history,2024-03-08,729.97,864.42
history,2024-03-09,728.9,862.35
history,2024-03-10,728.69,863.72
history,2024-03-11,754.2,892.71
history,2024-03-12,758.08,900.38
history,2024-03-13,804.84,961.64
history,2024-03-14,840.91,1011.78
history,2024-03-15,853.8,1032.35
history,2024-03-16,836.09,1013.72
history,2024-03-17,913.17,1112.28
history,2024-03-18,887.55,1082.73
history,2024-03-19,779.51,950.52
history,2024-03-20,873.32,1064.64
history,2024-03-21,826.73,1002.75
history,2024-03-22,802.65,975.78
history,2024-03-23,798.42,970.39
history,2024-03-24,843.69,1027.62
history,2024-03-25,871.34,1060.87
history,2024-03-26,876.7,1068.0
history,2024-03-27,858.72,1047.31
history,2024-03-28,873.89,1065.88
history,2024-03-29,879.51,1074.33
history,2024-03-30,886.11,1082.87
history,2024-03-31,921.73,1125.56
history,2024-04-01,880.08,1075.16
history,2024-04-02,827.17,1011.09
history,2024-04-03,842.8,1030.64
history,2024-04-04,844.08,1033.63
history,2024-04-05,810.84,990.19
history,2024-04-06,828.68,1013.0
history,2024-04-07,834.83,1017.78
history,2024-04-08,849.88,1030.44
history,2024-04-09,811.65,985.53
history,2024-04-10,819.04,994.92
history,2024-04-11,814.04,989.38
history,2024-04-12,737.77,897.2
history,2024-04-13,676.67,823.52
history,2024-04-14,724.61,882.02
history,2024-04-15,675.78,818.55
history,2024-04-16,668.64,810.16
history,2024-04-17,646.04,782.33
history,2024-04-18,686.9,834.39
history,2024-04-19,689.37,838.12
history,2024-04-20,722.63,878.82
history,2024-04-21,713.78,867.61
history,2024-04-22,747.25,910.76
history,2024-04-23,739.11,899.16
history,2024-04-24,709.39,861.64
history,2024-04-25,700.73,849.92
history,2024-04-26,679.22,822.26
history,2024-04-27,689.23,830.62
history,2024-04-28,677.44,814.64
history,2024-04-29,677.32,816.77
history,2024-04-30,629.15,758.81
history,2024-05-01,648.79,784.06
history,2024-05-02,661.68,800.89
history,2024-05-03,692.33,839.63
history,2024-05-04,702.62,853.32
history,2024-05-05,702.04,851.96
history,2024-05-06,721.9,879.85
history,2024-05-07,703.09,856.72
history,2024-05-08,680.38,827.41
history,2024-05-09,721.09,879.68
history,2024-05-10,690.91,843.13
history,2024-05-11,687.95,839.21
history,2024-05-12,683.75,833.63
history,2024-05-13,699.8,854.94
history,2024-05-14,677.66,827.5
history,2024-05-15,745.39,913.85
history,2024-05-16,743.87,914.37
history,2024-05-17,786.43,965.89
history,2024-05-18,797.05,978.6
history,2024-05-19,786.13,965.69
history,2024-05-20,867.79,1054.78
history,2024-05-21,840.58,1013.74
history,2024-05-22,832.91,1004.83
history,2024-05-23,828.7,996.96
history,2024-05-24,801.16,963.36
history,2024-05-25,805.4,968.66
history,2024-05-26,789.04,943.98
history,2024-05-27,814.83,975.88
history,2024-05-28,806.7,966.29
history,2024-05-29,801.19,961.33
history,2024-05-30,798.65,959.24
history,2024-05-31,792.79,950.44
history,2024-06-01,796.01,952.88
history,2024-06-02,785.92,940.93
history,2024-06-03,793.22,951.8
history,2024-06-04,821.0,987.73
history,2024-06-05,829.08,996.8
history,2024-06-06,815.39,980.6
history,2024-06-07,783.79,943.11
history,2024-06-08,768.63,923.24
history,2024-06-09,783.75,942.31
history,2024-06-10,771.85,928.11
history,2024-06-11,731.08,879.36
history,2024-06-12,753.8,907.47
history,2024-06-13,722.06,868.2
history,2024-06-14,706.78,847.3
history,2024-06-15,717.25,858.0
history,2024-06-16,738.75,884.38
history,2024-06-17,709.41,849.97
history,2024-06-18,686.46,820.01
history,2024-06-19,681.88,811.15
history,2024-06-20,673.14,801.4
history,2024-06-21,675.53,803.77
history,2024-06-22,672.19,800.3
history,2024-06-23,650.96,774.55
history,2024-06-24,655.44,780.56
history,2024-06-25,674.16,804.55
history,2024-06-26,671.63,801.39
history,2024-06-27,718.18,859.96
history,2024-06-28,681.09,813.18
history,2024-06-29,683.23,816.44
history,2024-06-30,710.13,850.75
history,2024-07-01,711.03,851.79
history,2024-07-02,732.44,879.91
history,2024-07-03,681.99,817.16
history,2024-07-04,624.95,748.92
history,2024-07-05,645.06,777.52
history,2024-07-06,680.41,821.72
history,2024-07-07,633.32,763.46
history,2024-07-08,663.19,799.84
history,2024-07-09,673.36,812.48
history,2024-07-10,675.97,814.3
history,2024-07-11,654.78,786.43
history,2024-07-12,669.0,804.18
history,2024-07-13,680.87,819.15
history,2024-07-14,704.87,849.23
history,2024-07-15,760.98,916.7
history,2024-07-16,762.22,920.16
history,2024-07-17,742.15,895.21
history,2024-07-18,754.55,909.9
history,2024-07-19,796.02,963.22
history,2024-07-20,813.02,985.25
history,2024-07-21,851.05,1034.96
history,2024-07-22,828.66,1008.82
history,2024-07-23,805.72,976.1
history,2024-07-24,818.17,997.17
history,2024-07-25,794.23,972.13
history,2024-07-26,838.64,1028.02
history,2024-07-27,840.82,1031.82
history,2024-07-28,845.04,1036.81
history,2024-07-29,836.49,1022.76
history,2024-07-30,821.82,1004.67
history,2024-07-31,793.02,967.6
history,2024-08-01,779.81,952.03
history,2024-08-02,715.72,873.2
history,2024-08-03,679.51,828.41
history,2024-08-04,652.09,798.51
history,2024-08-05,609.0,748.83
history,2024-08-06,661.75,817.69
history,2024-08-07,658.15,816.62
history,2024-08-08,742.28,918.99
history,2024-08-09,716.67,888.0
history,2024-08-10,708.75,877.35
history,2024-08-11,661.2,815.67
history,2024-08-12,683.68,839.27
history,2024-08-13,686.48,844.67
history,2024-08-14,672.28,826.16
history,2024-08-15,663.41,817.03
history,2024-08-16,655.32,806.71
history,2024-08-17,665.33,819.44
history,2024-08-18,665.93,819.48
history,2024-08-19,674.49,830.56
history,2024-08-20,667.82,823.81
history,2024-08-21,672.24,829.17
history,2024-08-22,672.25,828.86
history,2024-08-23,716.51,884.35
history,2024-08-24,742.27,917.82
history,2024-08-25,735.94,910.41
history,2024-08-26,725.56,898.19
history,2024-08-27,678.08,841.71
history,2024-08-28,669.02,827.01
history,2024-08-29,656.94,811.54
history,2024-08-30,649.8,802.12
history,2024-08-31,640.05,789.75
history,2024-09-01,612.06,755.07
history,2024-09-02,639.78,788.61
history,2024-09-03,608.35,750.58
history,2024-09-04,630.35,778.65
history,2024-09-05,610.19,753.88
history,2024-09-06,587.27,727.47
history,2024-09-07,598.17,740.01
history,2024-09-08,607.79,752.27
history,2024-09-09,630.67,781.59
history,2024-09-10,634.83,786.39
history,2024-09-11,622.36,771.69
history,2024-09-12,636.71,790.22
history,2024-09-13,653.71,811.41
history,2024-09-14,645.52,801.13
history,2024-09-15,622.19,773.61
history,2024-09-16,619.41,770.12
history,2024-09-17,625.15,777.6
history,2024-09-18,636.82,792.85
history,2024-09-19,671.58,835.73
history,2024-09-20,687.21,852.82
history,2024-09-21,699.02,866.39
history,2024-09-22,682.85,846.7
history,2024-09-23,684.07,845.66
history,2024-09-24,713.15,884.12
history,2024-09-25,692.49,858.99
history,2024-09-26,723.26,898.79
history,2024-09-27,733.51,910.33
history,2024-09-28,730.4,907.01
history,2024-09-29,735.12,913.62
history,2024-09-30,708.86,879.62
history,2024-10-01,675.11,839.25
history,2024-10-02,656.0,817.21
history,2024-10-03,643.81,801.97
history,2024-10-04,669.56,834.22
history,2024-10-05,668.09,832.29
history,2024-10-06,682.69,851.01
history,2024-10-07,672.83,838.36
history,2024-10-08,671.13,835.41
history,2024-10-09,652.41,812.38
history,2024-10-10,650.8,809.48
history,2024-10-11,678.3,845.12
history,2024-10-12,684.65,852.53
history,2024-10-13,687.3,856.04
history,2024-10-14,731.14,909.87
history,2024-10-15,723.41,901.4
history,2024-10-16,723.07,901.23
history,2024-10-17,709.37,883.45
history,2024-10-18,728.01,907.2
history,2024-10-19,743.66,927.3
history,2024-10-20,772.04,961.24
history,2024-10-21,764.11,952.54
history,2024-10-22,766.31,957.06
history,2024-10-23,773.63,969.88
history,2024-10-24,798.59,1002.85
history,2024-10-25,751.4,943.72
history,2024-10-26,773.22,970.87
history,2024-10-27,795.3,999.41
history,2024-10-28,806.11,1012.92
history,2024-10-29,817.96,1027.95
history,2024-10-30,802.92,1007.35
history,2024-10-31,773.04,971.86
history,2024-11-01,764.23,959.93
history,2024-11-02,762.42,958.18
history,2024-11-03,748.81,941.26
history,2024-11-04,729.26,917.19
history,2024-11-05,763.04,961.52
history,2024-11-06,851.56,1070.93
history,2024-11-07,888.18,1112.65
history,2024-11-08,903.35,1130.52
history,2024-11-09,909.36,1132.42
history,2024-11-10,953.23,1190.34
history,2024-11-11,1014.98,1270.67
history,2024-11-12,975.16,1222.83
history,2024-11-13,988.8,1244.62
history,2024-11-14,958.48,1207.32
history,2024-11-15,997.0,1258.93
history,2024-11-16,989.32,1247.43
history,2024-11-17,1058.84,1339.55
history,2024-11-18,1071.32,1351.58
history,2024-11-19,1066.58,1350.32
history,2024-11-20,1060.57,1345.48
history,2024-11-21,1149.21,1453.83
history,2024-11-22,1147.55,1453.13
history,2024-11-23,1142.42,1443.14
history,2024-11-24,1134.45,1434.12
history,2024-11-25,1064.3,1337.02
history,2024-11-26,1048.06,1318.12
history,2024-11-27,1103.03,1380.93
history,2024-11-28,1085.1,1360.13
history,2024-11-29,1108.43,1391.46
history,2024-11-30,1090.13,1362.75
history,2024-12-01,1089.7,1362.64
history,2024-12-02,1047.22,1308.6
history,2024-12-03,1075.04,1345.81
history,2024-12-04,1069.74,1333.11
history,2024-12-05,1080.84,1346.94
history,2024-12-06,1103.11,1371.55
history,2024-12-07,1108.02,1378.07
history,2024-12-08,1104.48,1374.37
history,2024-12-09,1024.33,1277.31
history,2024-12-10,1008.66,1259.43
history,2024-12-11,1068.74,1334.01
history,2024-12-12,1066.47,1328.34
history,2024-12-13,1062.78,1323.63
history,2024-12-14,1044.73,1301.59
history,2024-12-15,1065.66,1328.15
history,2024-12-16,1045.67,1302.18
history,2024-12-17,1064.74,1330.76
history,2024-12-18,990.19,1238.49
history,2024-12-19,939.11,1177.17
history,2024-12-20,940.9,1177.73
history,2024-12-21,892.98,1119.76
history,2024-12-22,883.29,1107.62
history,2024-12-23,918.29,1147.91
history,2024-12-24,952.57,1192.97
history,2024-12-25,955.49,1197.22
history,2024-12-26,913.04,1145.0
history,2024-12-27,895.05,1120.35
history,2024-12-28,936.32,1172.42
history,2024-12-29,914.11,1143.93
history,2024-12-30,916.81,1146.5
history,2024-12-31,911.83,1141.5
history,2025-01-01,929.79,1164.93
history,2025-01-02,983.85,1233.78
history,2025-01-03,1023.89,1281.37
history,2025-01-04,1021.85,1276.91
history,2025-01-05,1010.57,1263.13
history,2025-01-06,1037.43,1299.12
history,2025-01-07,963.49,1209.81
history,2025-01-08,942.59,1183.09
history,2025-01-09,892.64,1119.84
history,2025-01-10,906.95,1138.5
history,2025-01-11,908.48,1139.85
history,2025-01-12,909.75,1142.04
history,2025-01-13,887.07,1117.22
history,2025-01-14,909.14,1144.38
history,2025-01-15,984.88,1238.02
history,2025-01-16,997.19,1258.61
history,2025-01-17,1039.25,1311.14
history,2025-01-18,1175.55,1494.82
history,2025-01-19,1128.53,1434.43
history,2025-01-20,1104.47,1401.3
history,2025-01-21,1141.38,1450.88
history,2025-01-22,1156.75,1472.09
history,2025-01-23,1147.36,1456.68
history,2025-01-24,1148.07,1459.19
history,2025-01-25,1157.13,1470.64
history,2025-01-26,1100.08,1397.62
history,2025-01-27,1077.9,1370.32
history,2025-01-28,1047.28,1333.5
history,2025-01-29,1055.5,1344.79
history,2025-01-30,1098.3,1396.51
history,2025-01-31,1070.37,1356.44
history,2025-02-01,1002.26,1272.8
history,2025-02-02,953.76,1216.29
history,2025-02-03,1005.17,1285.64
history,2025-02-04,963.69,1234.2
history,2025-02-05,925.55,1181.6
history,2025-02-06,901.99,1154.48
history,2025-02-07,908.15,1164.84
history,2025-02-08,933.03,1196.87
history,2025-02-09,935.96,1200.83
history,2025-02-10,938.27,1203.41
history,2025-02-11,925.34,1187.33
history,2025-02-12,929.31,1189.34
history,2025-02-13,917.36,1174.98
history,2025-02-14,938.81,1201.82
history,2025-02-15,919.84,1178.33
history,2025-02-16,896.16,1147.46
history,2025-02-17,861.52,1099.1
history,2025-02-18,830.27,1060.86
history,2025-02-19,833.51,1064.27
history,2025-02-20,861.1,1100.67
history,2025-02-21,830.53,1062.01
history,2025-02-22,845.26,1077.79
history,2025-02-23,832.46,1058.8
history,2025-02-24,727.21,928.93
history,2025-02-25,728.34,929.02
history,2025-02-26,684.07,873.72
history,2025-02-27,693.38,887.07
history,2025-02-28,725.6,931.25
history,2025-03-01,713.79,917.94
history,2025-03-02,854.95,1097.42
history,2025-03-03,706.36,910.85
history,2025-03-04,719.03,927.39
history,2025-03-05,732.36,944.84
history,2025-03-06,720.21,929.91
history,2025-03-07,698.15,900.92
history,2025-03-08,691.13,889.05
history,2025-03-09,639.75,824.44
history,2025-03-10,604.12,781.96
history,2025-03-11,637.72,827.03
history,2025-03-12,643.55,835.7
history,2025-03-13,625.93,812.32
history,2025-03-14,666.53,865.83
history,2025-03-15,676.73,878.41
history,2025-03-16,638.67,829.22
history,2025-03-17,650.03,843.78
history,2025-03-18,637.94,826.75
history,2025-03-19,683.97,885.47
history,2025-03-20,649.52,841.19
history,2025-03-21,651.91,844.83
history,2025-03-22,652.09,844.35
history,2025-03-23,670.98,869.81
history,2025-03-24,703.5,910.72
history,2025-03-25,713.02,923.45
history,2025-03-26,688.45,893.1
history,2025-03-27,692.35,898.65
history,2025-03-28,653.92,850.2
history,2025-03-29,632.36,823.19
history,2025-03-30,631.43,822.53
history,2025-03-31,632.51,823.48
history,2025-04-01,646.68,841.05
history,2025-04-02,608.44,793.08
history,2025-04-03,607.92,792.15
history,2025-04-04,628.51,819.59
history,2025-04-05,619.13,807.44
history,2025-04-06,553.59,726.13
history,2025-04-07,559.01,734.79
history,2025-04-08,546.13,718.65
history,2025-04-09,609.43,799.04
history,2025-04-10,578.59,761.8
history,2025-04-11,616.56,812.64
history,2025-04-12,658.27,865.73
history,2025-04-13,641.47,844.26
history,2025-04-14,646.35,850.36
history,2025-04-15,633.48,834.12
history,2025-04-16,651.24,857.94
history,2025-04-17,663.94,875.01
history,2025-04-18,661.14,870.77
history,2025-04-19,681.99,897.56
history,2025-04-20,674.91,889.34
history,2025-04-21,675.82,892.66
history,2025-04-22,732.81,965.18
history,2025-04-23,742.46,976.56
history,2025-04-24,746.07,982.4
history,2025-04-25,743.45,979.0
history,2025-04-26,738.85,971.68
history,2025-04-27,732.78,964.1
history,2025-04-28,733.94,966.37
history,2025-04-29,727.94,957.99
history,2025-04-30,731.7,963.02
history,2025-05-01,748.24,984.73
history,2025-05-02,739.83,973.98
history,2025-05-03,733.36,965.06
history,2025-05-04,720.1,947.46
history,2025-05-05,730.34,960.74
history,2025-05-06,734.56,968.03
history,2025-05-07,736.42,970.76
history,2025-05-08,815.75,1064.76
history,2025-05-09,848.68,1102.43
history,2025-05-10,874.72,1129.16
history,2025-05-11,856.19,1107.16
history,2025-05-12,857.29,1108.07
history,2025-05-13,897.7,1155.16
history,2025-05-14,870.12,1121.26
history,2025-05-15,843.07,1088.45
history,2025-05-16,836.67,1080.29
history,2025-05-17,829.7,1073.17
history,2025-05-18,863.46,1118.91
history,2025-05-19,839.15,1085.44
history,2025-05-20,846.79,1096.52
history,2025-05-21,870.72,1128.97
history,2025-05-22,897.89,1161.91
history,2025-05-23,865.69,1121.46
history,2025-05-24,874.22,1132.82
history,2025-05-25,876.24,1135.67
history,2025-05-26,874.66,1133.49
history,2025-05-27,882.89,1140.28
history,2025-05-28,865.58,1116.09
history,2025-05-29,841.17,1084.36
history,2025-05-30,800.45,1033.72
history,2025-05-31,803.06,1037.65
history,2025-06-01,809.12,1046.09
history,2025-06-02,808.92,1043.45
history,2025-06-03,802.11,1034.72
history,2025-06-04,794.5,1023.7
history,2025-06-05,753.4,974.59
history,2025-06-06,771.98,998.84
history,2025-06-07,783.22,1012.67
history,2025-06-08,790.81,1023.27
history,2025-06-09,833.49,1076.26
history,2025-06-10,850.23,1093.28
history,2025-06-11,832.71,1070.65
history,2025-06-12,796.2,1025.29
history,2025-06-13,780.62,1007.73
history,2025-06-14,765.2,988.81
history,2025-06-15,792.61,1024.12
history,2025-06-16,788.44,1019.89
history,2025-06-17,772.79,998.84
history,2025-06-18,769.07,993.72
history,2025-06-19,771.0,996.17
history,2025-06-20,742.01,961.46
history,2025-06-21,720.22,936.08
history,2025-06-22,703.83,916.33
history,2025-06-23,762.59,989.53
history,2025-06-24,767.95,995.94
history,2025-06-25,761.61,989.76
history,2025-06-26,745.88,969.05
history,2025-06-27,756.81,983.12
history,2025-06-28,786.49,1021.51
history,2025-06-29,798.82,1036.1
history,2025-06-30,800.53,1037.86
history,2025-07-01,769.33,998.99
history,2025-07-02,797.96,1032.82
history,2025-07-03,800.67,1036.26
history,2025-07-04,779.66,1010.58
history,2025-07-05,779.89,1010.72
history,2025-07-06,797.52,1032.54
history,2025-07-07,784.85,1016.31
history,2025-07-08,797.98,1031.31
history,2025-07-09,825.32,1063.2
history,2025-07-10,862.42,1108.57
history,2025-07-11,861.63,1108.64
history,2025-07-12,853.71,1098.8
history,2025-07-13,859.63,1106.73
history,2025-07-14,865.82,1113.93
history,2025-07-15,870.77,1114.17
history,2025-07-16,911.71,1159.91
history,2025-07-17,922.7,1170.85
history,2025-07-18,927.43,1173.39
history,2025-07-19,927.55,1171.82
history,2025-07-20,945.77,1189.12
history,2025-07-21,994.4,1252.47
history,2025-07-22,1031.54,1303.41
history,2025-07-23,971.79,1228.87
history,2025-07-24,950.02,1197.37
history,2025-07-25,963.02,1213.04
history,2025-07-26,957.81,1205.98
history,2025-07-27,977.29,1227.71
history,2025-07-28,951.12,1195.58
history,2025-07-29,947.25,1190.32
history,2025-07-30,935.32,1174.16
history,2025-07-31,910.47,1144.18
history,2025-08-01,867.92,1094.34
history,2025-08-02,849.0,1072.52
history,2025-08-03,866.89,1093.38
history,2025-08-04,899.7,1128.79
history,2025-08-05,877.07,1102.44
history,2025-08-06,894.47,1123.21
history,2025-08-07,930.22,1163.42
history,2025-08-08,935.52,1166.23
history,2025-08-09,953.6,1180.47
history,2025-08-10,968.05,1201.85
history,2025-08-11,939.68,1165.41
history,2025-08-12,1009.04,1243.77
history,2025-08-13,1052.49,1296.91
history,2025-08-14,1006.65,1240.77
history,2025-08-15,978.86,1207.71
history,2025-08-16,992.11,1225.55
history,2025-08-17,998.01,1231.5
history,2025-08-18,964.1,1192.19
history,2025-08-19,927.38,1150.27
history,2025-08-20,975.83,1205.11
history,2025-08-21,944.63,1167.01
history,2025-08-22,1038.45,1270.8
history,2025-08-23,1044.89,1280.01
history,2025-08-24,1047.55,1281.83
history,2025-08-25,967.55,1189.66
history,2025-08-26,1006.03,1232.91
history,2025-08-27,1025.61,1261.47
history,2025-08-28,1066.71,1315.94
history,2025-08-29,1023.67,1261.91
history,2025-08-30,1016.98,1252.99
history,2025-08-31,1009.6,1242.35
history,2025-09-01,997.0,1229.46
history,2025-09-02,1042.53,1289.94
history,2025-09-03,1051.27,1297.22
history,2025-09-04,1017.72,1258.2
history,2025-09-05,1020.94,1262.03
history,2025-09-06,1008.31,1246.43
history,2025-09-07,1031.84,1276.72
history,2025-09-08,1059.51,1313.38
history,2025-09-09,1068.68,1324.87
history,2025-09-10,1097.15,1362.44
history,2025-09-11,1119.3,1388.47
history,2025-09-12,1172.78,1449.45
history,2025-09-13,1172.15,1450.21
history,2025-09-14,1162.63,1439.49
history,2025-09-15,1139.7,1412.64
history,2025-09-16,1150.65,1428.85
history,2025-09-17,1178.64,1461.81
history,2025-09-18,1189.19,1476.19
history,2025-09-19,1152.64,1431.72
history,2025-09-20,1156.5,1436.36
history,2025-09-21,1144.73,1421.82
history,2025-09-22,1079.01,1343.14
history,2025-09-23,1053.87,1311.14
history,2025-09-24,1049.62,1307.08
history,2025-09-25,968.43,1208.2
history,2025-09-26,1017.72,1266.91
history,2025-09-27,1011.28,1259.11
history,2025-09-28,1043.47,1298.55
history,2025-09-29,1057.87,1316.37
history,2025-09-30,1040.81,1296.44
history,2025-10-01,1098.9,1368.35
history,2025-10-02,1150.78,1432.62
history,2025-10-03,1148.52,1429.95
history,2025-10-04,1131.43,1408.73
history,2025-10-05,1136.34,1415.04
history,2025-10-06,1156.68,1436.29
history,2025-10-07,1103.31,1372.69
history,2025-10-08,1138.03,1416.67
history,2025-10-09,1103.24,1375.77
history,2025-10-10,963.66,1206.2
history,2025-10-11,920.84,1151.84
history,2025-10-12,1006.04,1251.34
history,2025-10-13,1044.75,1298.94
history,2025-10-14,1017.38,1265.91
history,2025-10-15,980.69,1221.24
history,2025-10-16,941.74,1171.79
history,2025-10-17,927.71,1154.4
history,2025-10-18,949.56,1181.36
history,2025-10-19,955.58,1186.96
history,2025-10-20,965.85,1201.99
history,2025-10-21,945.09,1177.03
history,2025-10-22,923.18,1150.34
history,2025-10-23,966.82,1207.35
history,2025-10-24,978.18,1220.09
history,2025-10-25,981.53,1224.24
history,2025-10-26,1012.88,1259.93
history,2025-10-27,1006.82,1253.13
history,2025-10-28,986.31,1230.47
history,2025-10-29,978.19,1220.46
history,2025-10-30,939.26,1171.92
history,2025-10-31,951.58,1187.42
history,2025-11-01,950.58,1185.54
history,2025-11-02,957.59,1193.79
history,2025-11-03,868.24,1085.28
history,2025-11-04,814.01,1021.91
history,2025-11-05,846.23,1060.91
history,2025-11-06,812.85,1019.45
history,2025-11-07,842.6,1055.41
history,2025-11-08,827.4,1036.01
history,2025-11-09,858.56,1071.94
history,2025-11-10,870.45,1088.96
history,2025-11-11,817.45,1023.06
history,2025-11-12,810.35,1012.84
history,2025-11-13,774.18,970.67
history,2025-11-14,738.5,924.64
history,2025-11-15,745.42,932.3
history,2025-11-16,733.04,917.75
history,2025-11-17,705.54,882.74
history,2025-11-18,742.93,928.58
history,2025-11-19,724.0,906.36
history,2025-11-20,698.15,875.77
history,2025-11-21,676.47,848.7
history,2025-11-22,672.47,843.06
history,2025-11-23,688.27,864.12
history,2025-11-24,721.0,902.47
history,2025-11-25,721.02,901.57
history,2025-11-26,743.09,930.31
history,2025-11-27,737.02,923.5
history,2025-11-28,725.24,907.21
history,2025-11-29,719.61,901.29
history,2025-11-30,710.3,888.78
history,2025-12-01,673.91,845.09
history,2025-12-02,729.44,914.27
history,2025-12-03,759.96,948.76
history,2025-12-04,735.95,918.44
history,2025-12-05,708.37,884.3
history,2025-12-06,705.32,879.67
history,2025-12-07,707.33,882.42
history,2025-12-08,713.53,888.37
history,2025-12-09,738.52,915.47
history,2025-12-10,732.51,906.95
history,2025-12-11,730.72,908.2
history,2025-12-12,708.46,882.96
history,2025-12-13,712.51,887.07
history,2025-12-14,694.11,863.46
history,2025-12-15,682.16,849.98
history,2025-12-16,690.01,861.33
history,2025-12-17,662.44,828.86
history,2025-12-18,649.1,811.1
history,2025-12-19,680.7,848.9
history,2025-12-20,679.89,848.05
history,2025-12-21,681.72,849.79
history,2025-12-22,680.94,848.51
history,2025-12-23,671.11,836.39
history,2025-12-24,666.34,830.98
history,2025-12-25,656.03,818.77
history,2025-12-26,664.29,828.78
history,2025-12-27,674.1,841.15
history,2025-12-28,676.03,843.67
history,2025-12-29,667.31,832.27
history,2025-12-30,676.96,844.53
history,2025-12-31,673.5,839.45
history,2026-01-01,684.48,853.52
history,2026-01-02,708.29,881.02
history,2026-01-03,713.54,888.33
history,2026-01-04,717.59,893.7
history,2026-01-05,738.57,919.9
history,2026-01-06,750.58,932.91
history,2026-01-07,726.16,903.85
history,2026-01-08,730.47,911.51
history,2026-01-09,720.38,898.72
history,2026-01-10,720.01,898.16
history,2026-01-11,734.47,916.04
history,2026-01-12,733.29,915.74
history,2026-01-13,768.73,956.88
history,2026-01-14,777.51,968.4
history,2026-01-15,758.94,944.48
history,2026-01-16,766.73,955.39
history,2026-01-17,762.46,949.01
history,2026-01-18,739.61,919.08
history,2026-01-19,719.27,895.14
history,2026-01-20,678.31,847.49
history,2026-01-21,693.92,867.1
history,2026-01-22,689.63,862.65
history,2026-01-23,686.72,858.75
history,2026-01-24,684.78,856.08
history,2026-01-25,648.35,811.4
history,2026-01-26,672.74,840.53
history,2026-01-27,686.81,856.05
history,2026-01-28,680.07,847.91
history,2026-01-29,640.49,799.48
history,2026-01-30,635.59,796.96
history,2026-01-31,577.6,726.34
history,2026-02-01,554.05,700.76
history,2026-02-02,571.7,722.35
history,2026-02-03,539.27,681.89
history,2026-02-04,513.21,648.91
history,2026-02-05,437.37,553.57
history,2026-02-06,490.8,620.67
history,2026-02-07,489.59,617.1
history,2026-02-08,489.52,617.85
history,2026-02-09,488.5,615.87
history,2026-02-10,470.86,594.88
history,2026-02-11,452.83,572.81
history,2026-02-12,448.44,566.25
history,2026-02-13,476.5,601.22
history,2026-02-14,492.18,621.01
history,2026-02-15,479.68,608.3
history,2026-02-16,482.09,610.33
history,2026-02-17,475.12,600.39
history,2026-02-18,459.79,580.95
history,2026-02-19,463.46,586.36
history,2026-02-20,473.62,599.68
history,2026-02-21,475.67,602.18
history,2026-02-22,466.46,590.47
history,2026-02-23,440.7,558.2
history,2026-02-24,443.84,561.96
history,2026-02-25,486.86,613.8
history,2026-02-26,478.37,603.34
history,2026-02-27,459.34,580.77
history,2026-02-28,470.59,595.07
history,2026-03-01,464.71,587.36
history,2026-03-02,483.46,611.0
history,2026-03-03,482.55,611.03
history,2026-03-04,508.13,642.66
history,2026-03-05,495.7,626.97
history,2026-03-06,474.31,600.33
history,2026-03-07,467.31,590.85
history,2026-03-08,458.59,579.65
history,2026-03-09,476.09,602.34
history,2026-03-10,483.38,611.45
history,2026-03-11,486.77,615.56
history,2026-03-12,488.96,617.86
history,2026-03-13,494.74,625.07
history,2026-03-14,495.08,625.55
history,2026-03-15,514.44,649.1
history,2026-03-16,536.67,673.43
history,2026-03-17,528.8,663.63
history,2026-03-18,504.77,634.33
history,2026-03-19,496.42,624.8
history,2026-03-20,501.02,630.95
history,2026-03-21,487.48,614.4
history,2026-03-22,480.62,605.63
history,2026-03-23,507.21,639.12
history,2026-03-24,504.5,635.15
history,2026-03-25,509.39,641.7
history,2026-03-26,483.75,610.22
history,2026-03-27,465.5,586.97
history,2026-03-28,462.15,582.54
history,2026-03-29,459.16,578.72
history,2026-03-30,465.18,585.67
history,2026-03-31,472.74,593.8
history,2026-04-01,466.99,584.96
history,2026-04-02,454.84,571.14
history,2026-04-03,459.56,577.45
history,2026-04-04,462.08,580.59
history,2026-04-05,470.18,590.9
history,2026-04-06,464.22,583.07
history,2026-04-07,492.47,617.47
history,2026-04-08,479.16,601.35
history,2026-04-09,482.81,606.66
history,2026-04-10,491.9,617.44
history,2026-04-11,493.57,618.22
history,2026-04-12,474.98,595.53
history,2026-04-13,504.51,630.52
history,2026-04-14,492.97,616.94
history,2026-04-15,499.04,624.05
history,2026-04-16,513.05,642.96
history,2026-04-17,518.61,649.16
history,2026-04-18,504.94,632.76
history,2026-04-19,490.05,614.99
history,2026-04-20,501.34,629.48
history,2026-04-21,504.98,634.14
history,2026-04-22,512.98,644.29
history,2026-04-23,509.29,641.15
history,2026-04-24,507.52,638.77
history,2026-04-25,507.66,638.96
history,2026-04-26,513.9,646.08
history,2026-04-27,502.27,632.32
history,2026-04-28,497.26,625.47
history,2026-04-29,491.73,619.11
history,2026-04-30,492.85,620.9
history,2026-05-01,500.03,630.32
history,2026-05-02,503.42,634.35
history,2026-05-03,502.07,632.31
history,2026-05-04,505.98,637.52
history,2026-05-05,516.04,650.97
history,2026-05-06,526.19,664.97
history,2026-05-07,519.22,656.92
history,2026-05-08,531.85,672.95
history,2026-05-09,537.35,679.78
history,2026-05-10,552.44,699.08
history,2026-05-11,553.88,701.7
history,2026-05-12,539.33,684.1
history,2026-05-13,525.77,666.09
history,2026-05-14,533.53,676.76
history,2026-05-15,518.1,657.17
history,2026-05-16,506.12,642.4
history,2026-05-17,498.72,634.08
history,2026-05-18,498.2,633.0
history,2026-05-19,493.65,627.57
history,2026-05-20,501.66,637.96
history,2026-05-21,505.66,643.08
history,2026-05-22,490.18,623.71
history,2026-05-23,498.5,633.62
history,2026-05-24,497.25,632.89
history,2026-05-25,497.42,632.86
history,2026-05-26,488.63,621.72
history,2026-05-27,480.24,611.38
history,2026-05-28,476.93,606.96
history,2026-05-29,476.55,606.17
history,2026-05-30,479.58,610.15
history,2026-05-31,477.98,608.47
history,2026-06-01,469.37,595.51
history,2026-06-02,432.89,549.59
history,2026-06-03,417.77,529.43
history,2026-06-04,406.51,516.11
history,2026-06-05,378.03,483.55
history,2026-06-06,373.25,477.71
history,2026-06-07,395.03,503.72
history,2026-06-08,396.46,505.32
history,2026-06-09,385.98,492.42
history,2026-06-10,379.09,483.92
history,2026-06-11,396.99,507.04
history,2026-06-12,396.52,506.66
history,2026-06-13,405.79,518.89
history,2026-06-14,417.26,533.25
history,2026-06-15,429.77,547.47
history,2026-06-16,426.37,542.66
history,2026-06-17,417.87,532.19
history,2026-06-18,406.06,516.98
history,2026-06-19,407.71,519.58
history,2026-06-20,421.42,536.98
history,2026-06-21,415.93,530.29
history,2026-06-22,416.27,530.5
history,2026-06-23,404.43,516.28
history,2026-06-24,394.27,503.36
history,2026-06-25,388.82,497.25
history,2026-06-26,403.97,516.79
history,2026-06-27,398.92,510.34
history,2026-06-28,401.08,512.87
history,2026-06-29,415.54,530.75
history,2026-06-30,406.49,519.18
history,2026-07-01,423.37,540.9
history,2026-07-02,439.71,560.13
history,2026-07-03,448.91,570.85
history,2026-07-04,448.52,569.96
history,2026-07-05,448.8,570.53
history,2026-07-06,451.74,574.2
history,2026-07-07,445.31,566.31
history,2026-07-08,432.95,550.32
history,2026-07-09,435.74,554.63
history,2026-07-10,439.1,557.9
history,2026-07-11,434.09,551.38
history,2026-07-12,434.66,551.45
history,2026-07-13,424.0,537.53
history,2026-07-14,442.35,559.39
history,2026-07-15,440.96,556.4
history,2026-07-16,430.97,544.59
history,2026-07-17,429.7,543.83
history,2026-07-18,433.57,548.84
history,2026-07-19,436.62,552.37
history,2026-07-20,443.4,560.45
history,2026-07-21,447.69,566.17
history,2026-07-22,446.35,563.91
history,2026-07-23,435.83,551.42
history,2026-07-24,426.85,539.58
history,2026-07-25,429.48,542.69
history,2026-07-26,441.02,555.65
history,2026-07-27,427.82,539.45
history,2026-07-28,427.45,538.02
history,2026-07-29,426.87,537.7
history,2026-07-30,431.66,544.27
history,2026-07-31,420.64,530.46
history,2026-08-01,416.99,526.27
history,2026-08-02,424.8,535.61
history,2026-08-03,424.17,535.64
history,2026-08-04,426.45,538.73
history,2026-08-05,429.41,541.63
history,2026-08-06,423.99,534.46
history,2026-08-07,429.1,541.21
history,2026-08-08,436.99,551.43
history,2026-08-09,437.48,552.27
history,2026-08-10,433.68,547.93
history,2026-08-11,434.08,547.8
history,2026-08-12,431.45,544.37
frontier,0.6154,0.6697,1.0882
frontier,0.6204,0.7134,1.1499
frontier,0.63,0.7571,1.2019
frontier,0.6439,0.8009,1.2437
frontier,0.662,0.8446,1.2758
frontier,0.6838,0.8883,1.299
frontier,0.7091,0.932,1.3144
frontier,0.7375,0.9758,1.3231
frontier,0.7686,1.0195,1.3265
frontier,0.8021,1.0632,1.3256
frontier,0.8377,1.1069,1.3214
frontier,0.8752,1.1507,1.3147
frontier,0.9144,1.1944,1.3062
frontier,0.955,1.2381,1.2965
frontier,0.9968,1.2818,1.2859
frontier,1.0398,1.3256,1.2748
frontier,1.0837,1.3693,1.2635
frontier,1.1285,1.413,1.2521
frontier,1.1741,1.4567,1.2407
metrics,mvo_sharpe,1.3266,
metrics,mvo_return,1.0306,
metrics,mvo_vol,0.7769,
metrics,minvol_sharpe,1.0882,
metrics,minvol_return,0.6697,
metrics,minvol_vol,0.6154,
metrics,train_start,0.0,2020-09-09
metrics,train_end,0.0,2024-12-31
