date,eth_btc_corr,eth_btc_ratio,sol_btc_corr
2018-01-08,0.1696,168.55,
2018-01-09,0.1215,198.25,
2018-01-10,0.1243,186.71,
2018-01-11,0.1512,191.79,
2018-01-12,0.1574,202.74,
2018-01-13,0.1598,216.48,
2018-01-14,0.1813,220.94,
2018-01-15,0.1904,208.11,
2018-01-16,0.2795,204.15,
2018-01-17,0.2839,201.81,
2018-01-18,0.2841,201.05,
2018-01-19,0.2835,199.29,
2018-01-20,0.3006,199.36,
2018-01-21,0.3244,201.43,
2018-01-22,0.3401,204.32,
2018-01-23,0.343,202.01,
2018-01-24,0.3548,207.5,
2018-01-25,0.3578,208.8,
2018-01-26,0.3589,210.27,
2018-01-27,0.3625,215.42,
2018-01-28,0.3637,235.35,
2018-01-29,0.3681,233.01,
2018-01-30,0.3875,235.95,
2018-01-31,0.3886,243.57,
2018-02-01,0.4051,251.69,
2018-02-02,0.4088,230.87,
2018-02-03,0.4138,233.91,
2018-02-04,0.5141,224.5,
2018-02-05,0.608,223.4,
2018-02-06,0.6357,227.71,
2018-02-07,0.6463,221.14,
2018-02-08,0.662,220.26,
2018-02-09,0.6515,225.21,
2018-02-10,0.6797,222.16,
2018-02-11,0.7009,223.08,
2018-02-12,0.7051,216.65,
2018-02-13,0.7189,218.85,
2018-02-14,0.7368,216.55,
2018-02-15,0.7323,205.18,
2018-02-16,0.7398,205.4,
2018-02-17,0.7487,195.15,
2018-02-18,0.7524,194.93,
2018-02-19,0.752,187.19,
2018-02-20,0.73,174.79,
2018-02-21,0.7297,177.0,
2018-02-22,0.7305,180.87,
2018-02-23,0.7392,186.76,
2018-02-24,0.7671,190.68,
2018-02-25,0.7669,194.6,
2018-02-26,0.7639,186.68,
2018-02-27,0.7626,182.29,
2018-02-28,0.7643,183.1,
2018-03-01,0.7621,177.31,
2018-03-02,0.764,172.06,
2018-03-03,0.7509,166.09,
2018-03-04,0.7555,167.59,
2018-03-05,0.7544,164.21,
2018-03-06,0.7712,168.71,
2018-03-07,0.7765,168.18,
2018-03-08,0.8217,166.96,
2018-03-09,0.8288,173.79,
2018-03-10,0.8774,172.48,
2018-03-11,0.8843,168.11,
2018-03-12,0.8829,169.25,
2018-03-13,0.8861,167.26,
2018-03-14,0.8975,165.37,
2018-03-15,0.8985,163.95,
2018-03-16,0.9033,160.64,
2018-03-17,0.8913,155.44,
2018-03-18,0.8837,145.82,
2018-03-19,0.8841,143.6,
2018-03-20,0.8829,139.16,
2018-03-21,0.8751,140.05,
2018-03-22,0.8711,137.65,
2018-03-23,0.8706,135.29,
2018-03-24,0.8708,135.2,
2018-03-25,0.8695,137.38,
2018-03-26,0.8698,132.86,
2018-03-27,0.8706,127.93,
2018-03-28,0.8713,124.9,
2018-03-29,0.897,119.91,
2018-03-30,0.8846,127.5,
2018-03-31,0.8813,126.56,
2018-04-01,0.8847,123.47,
2018-04-02,0.886,121.44,
2018-04-03,0.8945,124.47,
2018-04-04,0.8975,123.61,
2018-04-05,0.8915,125.25,
2018-04-06,0.8752,124.22,
2018-04-07,0.8659,124.12,
2018-04-08,0.8638,126.95,
2018-04-09,0.8512,131.04,
2018-04-10,0.8449,134.93,
2018-04-11,0.8432,137.55,
2018-04-12,0.86,139.1,
2018-04-13,0.8543,138.92,
2018-04-14,0.8542,139.79,
2018-04-15,0.8443,142.11,
2018-04-16,0.8514,141.21,
2018-04-17,0.8512,141.68,
2018-04-18,0.857,143.11,
2018-04-19,0.8424,152.42,
2018-04-20,0.8527,154.96,
2018-04-21,0.8649,151.51,
2018-04-22,0.8583,157.27,
2018-04-23,0.8578,160.17,
2018-04-24,0.8677,162.57,
2018-04-25,0.8768,154.88,
2018-04-26,0.8805,158.98,
2018-04-27,0.8858,160.28,
2018-04-28,0.8892,162.81,
2018-04-29,0.889,162.82,
2018-04-30,0.8931,161.4,
2018-05-01,0.8946,164.45,
2018-05-02,0.8996,165.63,
2018-05-03,0.895,178.11,
2018-05-04,0.8961,180.29,
2018-05-05,0.8979,184.3,
2018-05-06,0.8948,182.69,
2018-05-07,0.8929,179.02,
2018-05-08,0.8964,181.49,
2018-05-09,0.8937,179.59,
2018-05-10,0.8985,179.02,
2018-05-11,0.9004,179.22,
2018-05-12,0.9008,179.58,
2018-05-13,0.8919,187.18,
2018-05-14,0.8922,186.58,
2018-05-15,0.8945,185.43,
2018-05-16,0.8909,188.08,
2018-05-17,0.9102,185.0,
2018-05-18,0.9134,187.35,
2018-05-19,0.9199,188.02,
2018-05-20,0.919,187.07,
2018-05-21,0.9186,184.89,
2018-05-22,0.9222,179.32,
2018-05-23,0.9242,171.9,
2018-05-24,0.924,176.56,
2018-05-25,0.9241,174.62,
2018-05-26,0.9225,177.74,
2018-05-27,0.9231,173.02,
2018-05-28,0.9062,160.99,
2018-05-29,0.9216,168.44,
2018-05-30,0.9225,168.2,
2018-05-31,0.9228,171.6,
2018-06-01,0.9261,171.23,
2018-06-02,0.9239,172.37,
2018-06-03,0.9187,178.3,
2018-06-04,0.9199,175.68,
2018-06-05,0.9192,177.69,
2018-06-06,0.9197,176.59,
2018-06-07,0.9192,175.47,
2018-06-08,0.9243,175.49,
2018-06-09,0.9254,176.62,
2018-06-10,0.9315,172.72,
2018-06-11,0.9282,171.89,
2018-06-12,0.9305,168.04,
2018-06-13,0.931,167.41,
2018-06-14,0.9327,173.33,
2018-06-15,0.9328,169.3,
2018-06-16,0.9327,169.81,
2018-06-17,0.9321,171.42,
2018-06-18,0.9381,171.52,
2018-06-19,0.9345,176.9,
2018-06-20,0.9372,176.17,
2018-06-21,0.9414,174.45,
2018-06-22,0.9448,170.46,
2018-06-23,0.9433,171.42,
2018-06-24,0.9303,165.05,
2018-06-25,0.9258,163.98,
2018-06-26,0.9258,158.11,
2018-06-27,0.9241,159.94,
2018-06-28,0.9245,159.28,
2018-06-29,0.9161,156.1,
2018-06-30,0.9194,158.23,
2018-07-01,0.919,158.24,
2018-07-02,0.9215,159.99,
2018-07-03,0.9221,158.26,
2018-07-04,0.9217,157.69,
2018-07-05,0.9216,159.08,
2018-07-06,0.9206,158.13,
2018-07-07,0.9234,159.63,
2018-07-08,0.9238,160.75,
2018-07-09,0.9221,157.41,
2018-07-10,0.927,152.79,
2018-07-11,0.9268,155.45,
2018-07-12,0.9289,153.71,
2018-07-13,0.9288,154.89,
2018-07-14,0.9286,154.69,
2018-07-15,0.9306,157.47,
2018-07-16,0.932,158.72,
2018-07-17,0.9124,152.35,
2018-07-18,0.904,145.13,
2018-07-19,0.8983,140.02,
2018-07-20,0.8978,136.43,
2018-07-21,0.8938,138.76,
2018-07-22,0.8869,137.94,
2018-07-23,0.8706,130.16,
2018-07-24,0.8679,126.68,
2018-07-25,0.8684,128.57,
2018-07-26,0.8688,129.92,
2018-07-27,0.875,128.06,
2018-07-28,0.8761,126.88,
2018-07-29,0.8761,126.41,
2018-07-30,0.8778,124.39,
2018-07-31,0.8806,124.14,
2018-08-01,0.8813,122.84,
2018-08-02,0.8875,121.39,
2018-08-03,0.8783,125.25,
2018-08-04,0.8723,128.91,
2018-08-05,0.8722,129.29,
2018-08-06,0.8713,130.23,
2018-08-07,0.8706,125.34,
2018-08-08,0.875,125.9,
2018-08-09,0.8582,123.91,
2018-08-10,0.8647,120.29,
2018-08-11,0.8473,113.9,
2018-08-12,0.8451,112.52,
2018-08-13,0.8035,101.28,
2018-08-14,0.8007,100.16,
2018-08-15,0.801,99.64,
2018-08-16,0.8006,101.23,
2018-08-17,0.7928,106.81,
2018-08-18,0.7987,102.52,
2018-08-19,0.7992,102.94,
2018-08-20,0.7982,96.8,
2018-08-21,0.7739,96.73,
2018-08-22,0.775,94.73,
2018-08-23,0.7803,94.4,
2018-08-24,0.7819,93.74,
2018-08-25,0.7788,92.05,
2018-08-26,0.7797,91.34,
2018-08-27,0.7781,92.35,
2018-08-28,0.7787,93.02,
2018-08-29,0.7757,91.39,
2018-08-30,0.7766,90.64,
2018-08-31,0.7711,89.52,
2018-09-01,0.7711,91.4,
2018-09-02,0.7706,90.11,
2018-09-03,0.7715,88.7,
2018-09-04,0.7696,86.4,
2018-09-05,0.787,76.14,
2018-09-06,0.7783,78.5,
2018-09-07,0.7762,74.77,
2018-09-08,0.7699,70.78,
2018-09-09,0.7708,69.58,
2018-09-10,0.7696,69.31,
2018-09-11,0.7646,65.18,
2018-09-12,0.7647,64.26,
2018-09-13,0.7316,72.2,
2018-09-14,0.717,72.38,
2018-09-15,0.7139,75.9,
2018-09-16,0.7194,75.35,
2018-09-17,0.7307,70.13,
2018-09-18,0.7287,73.37,
2018-09-19,0.7285,73.05,
2018-09-20,0.7291,76.69,
2018-09-21,0.7526,81.51,
2018-09-22,0.7605,79.64,
2018-09-23,0.7642,81.06,
2018-09-24,0.7689,77.21,
2018-09-25,0.7722,75.46,
2018-09-26,0.771,73.98,
2018-09-27,0.7767,76.19,
2018-09-28,0.7765,74.52,
2018-09-29,0.7703,78.11,
2018-09-30,0.7701,78.24,
2018-10-01,0.7698,77.96,
2018-10-02,0.7777,77.14,
2018-10-03,0.7973,75.49,
2018-10-04,0.7973,75.22,
2018-10-05,0.8001,76.51,
2018-10-06,0.7958,76.07,
2018-10-07,0.8093,76.24,
2018-10-08,0.8173,76.72,
2018-10-09,0.8159,76.41,
2018-10-10,0.8307,76.32,
2018-10-11,0.8487,67.43,
2018-10-12,0.8627,69.8,
2018-10-13,0.8623,70.77,
2018-10-14,0.8629,69.26,
2018-10-15,0.8648,70.77,
2018-10-16,0.857,70.92,
2018-10-17,0.8539,70.44,
2018-10-18,0.8534,69.9,
2018-10-19,0.8472,70.15,
2018-10-20,0.8494,70.48,
2018-10-21,0.8482,70.45,
2018-10-22,0.8506,70.02,
2018-10-23,0.8552,70.25,
2018-10-24,0.857,69.86,
2018-10-25,0.8569,69.68,
2018-10-26,0.8566,69.91,
2018-10-27,0.8583,70.15,
2018-10-28,0.8581,70.48,
2018-10-29,0.8582,69.34,
2018-10-30,0.8601,69.43,
2018-10-31,0.8579,69.55,
2018-11-01,0.8603,69.42,
2018-11-02,0.8609,69.92,
2018-11-03,0.8684,70.06,
2018-11-04,0.8258,72.44,
2018-11-05,0.8618,72.51,
2018-11-06,0.8615,75.27,
2018-11-07,0.8449,74.04,
2018-11-08,0.8526,73.21,
2018-11-09,0.8523,73.24,
2018-11-10,0.8652,73.82,
2018-11-11,0.8678,73.38,
2018-11-12,0.8784,73.52,
2018-11-13,0.8776,72.4,
2018-11-14,0.8647,70.37,
2018-11-15,0.8611,71.27,
2018-11-16,0.8542,69.95,
2018-11-17,0.8547,69.74,
2018-11-18,0.8557,70.1,
2018-11-19,0.8732,68.17,
2018-11-20,0.8899,65.18,
2018-11-21,0.8956,66.13,
2018-11-22,0.9006,64.61,
2018-11-23,0.9037,63.14,
2018-11-24,0.8873,65.11,
2018-11-25,0.8896,64.65,
2018-11-26,0.8909,63.82,
2018-11-27,0.8934,64.1,
2018-11-28,0.9119,64.02,
2018-11-29,0.904,61.16,
2018-11-30,0.8985,62.72,
2018-12-01,0.9012,62.66,
2018-12-02,0.9024,62.59,
2018-12-03,0.9042,62.27,
2018-12-04,0.9049,62.01,
2018-12-05,0.9071,60.77,
2018-12-06,0.9093,58.02,
2018-12-07,0.8992,60.73,
2018-12-08,0.8958,59.02,
2018-12-09,0.8969,58.6,
2018-12-10,0.9241,58.27,
2018-12-11,0.9285,57.82,
2018-12-12,0.9296,57.84,
2018-12-13,0.9313,58.14,
2018-12-14,0.9289,57.88,
2018-12-15,0.9288,58.08,
2018-12-16,0.9291,58.35,
2018-12-17,0.9367,59.73,
2018-12-18,0.9382,60.9,
2018-12-19,0.9376,60.18,
2018-12-20,0.944,62.58,
2018-12-21,0.9447,62.56,
2018-12-22,0.9435,64.75,
2018-12-23,0.9053,72.8,
2018-12-24,0.9023,76.55,
2018-12-25,0.9047,75.76,
2018-12-26,0.9049,76.11,
2018-12-27,0.902,71.01,
2018-12-28,0.8993,78.09,
2018-12-29,0.8972,80.43,
2018-12-30,0.8972,80.54,
2018-12-31,0.8978,79.33,
2019-01-01,0.8987,81.56,
2019-01-02,0.8948,87.53,
2019-01-03,0.896,86.53,
2019-01-04,0.8956,89.21,
2019-01-05,0.8966,90.11,
2019-01-06,0.8884,86.14,
2019-01-07,0.8875,83.9,
2019-01-08,0.887,83.04,
2019-01-09,0.8869,83.2,
2019-01-10,0.8923,77.83,
2019-01-11,0.8918,77.01,
2019-01-12,0.8924,76.59,
2019-01-13,0.8854,73.25,
2019-01-14,0.8866,77.53,
2019-01-15,0.886,74.83,
2019-01-16,0.8861,75.25,
2019-01-17,0.8857,74.89,
2019-01-18,0.8742,73.65,
2019-01-19,0.8668,74.35,
2019-01-20,0.8664,73.86,
2019-01-21,0.8632,72.94,
2019-01-22,0.8644,73.34,
2019-01-23,0.8679,72.93,
2019-01-24,0.8685,72.56,
2019-01-25,0.8651,71.97,
2019-01-26,0.8649,71.99,
2019-01-27,0.8615,70.44,
2019-01-28,0.8687,68.38,
2019-01-29,0.8734,68.18,
2019-01-30,0.8741,69.55,
2019-01-31,0.8739,68.93,
2019-02-01,0.8718,68.68,
2019-02-02,0.8726,69.82,
2019-02-03,0.8696,69.08,
2019-02-04,0.8621,69.39,
2019-02-05,0.8709,69.0,
2019-02-06,0.8758,68.42,
2019-02-07,0.8782,68.46,
2019-02-08,0.8879,72.41,
2019-02-09,0.8871,72.42,
2019-02-10,0.8855,75.29,
2019-02-11,0.8862,74.01,
2019-02-12,0.8856,74.69,
2019-02-13,0.8855,75.12,
2019-02-14,0.8856,74.72,
2019-02-15,0.8812,75.07,
2019-02-16,0.8794,75.6,
2019-02-17,0.8755,80.96,
2019-02-18,0.8681,83.06,
2019-02-19,0.8669,81.98,
2019-02-20,0.8647,83.24,
2019-02-21,0.904,82.27,
2019-02-22,0.9054,82.86,
2019-02-23,0.9083,85.34,
2019-02-24,0.9196,79.37,
2019-02-25,0.9149,80.17,
2019-02-26,0.9064,79.76,
2019-02-27,0.9142,78.69,
2019-02-28,0.9142,78.97,
2019-03-01,0.9129,78.7,
2019-03-02,0.9101,77.31,
2019-03-03,0.9175,76.53,
2019-03-04,0.9175,75.62,
2019-03-05,0.9225,78.75,
2019-03-06,0.9232,79.14,
2019-03-07,0.9559,78.56,
2019-03-08,0.9555,77.11,
2019-03-09,0.9559,77.5,
2019-03-10,0.9559,77.05,
2019-03-11,0.9478,76.29,
2019-03-12,0.9484,76.56,
2019-03-13,0.9481,75.94,
2019-03-14,0.9467,75.85,
2019-03-15,0.9441,77.39,
2019-03-16,0.9445,78.3,
2019-03-17,0.9445,77.43,
2019-03-18,0.9447,76.94,
2019-03-19,0.9447,76.84,
2019-03-20,0.9443,76.62,
2019-03-21,0.9462,75.49,
2019-03-22,0.9458,75.89,
2019-03-23,0.9457,76.26,
2019-03-24,0.9457,75.82,
2019-03-25,0.9454,75.85,
2019-03-26,0.9454,75.67,
2019-03-27,0.9461,76.8,
2019-03-28,0.9474,76.28,
2019-03-29,0.9445,77.4,
2019-03-30,0.9441,77.03,
2019-03-31,0.9445,76.74,
2019-04-01,0.9416,75.93,
2019-04-02,0.9043,74.8,
2019-04-03,0.8973,72.28,
2019-04-04,0.8968,71.48,
2019-04-05,0.8968,73.16,
2019-04-06,0.8968,73.01,
2019-04-07,0.8962,74.74,
2019-04-08,0.8961,75.86,
2019-04-09,0.8871,75.33,
2019-04-10,0.8844,74.15,
2019-04-11,0.8985,72.75,
2019-04-12,0.8978,72.06,
2019-04-13,0.8985,71.86,
2019-04-14,0.899,72.3,
2019-04-15,0.9,70.99,
2019-04-16,0.9014,71.28,
2019-04-17,0.9017,70.77,
2019-04-18,0.9204,73.03,
2019-04-19,0.9143,72.91,
2019-04-20,0.915,72.46,
2019-04-21,0.9155,71.23,
2019-04-22,0.9149,70.87,
2019-04-23,0.906,68.5,
2019-04-24,0.9083,67.55,
2019-04-25,0.9038,65.99,
2019-04-26,0.9041,65.93,
2019-04-27,0.9007,66.95,
2019-04-28,0.9008,66.26,
2019-04-29,0.9016,65.85,
2019-04-30,0.8983,67.47,
2019-05-01,0.8975,66.27,
2019-05-02,0.8966,65.56,
2019-05-03,0.8949,64.82,
2019-05-04,0.8953,62.62,
2019-05-05,0.8957,62.78,
2019-05-06,0.8576,66.88,
2019-05-07,0.8517,64.84,
2019-05-08,0.849,63.61,
2019-05-09,0.8388,61.4,
2019-05-10,0.8363,60.43,
2019-05-11,0.869,60.04,
2019-05-12,0.8721,59.81,
2019-05-13,0.8516,56.08,
2019-05-14,0.8209,60.47,
2019-05-15,0.7712,67.06,
2019-05-16,0.7116,74.54,
2019-05-17,0.7321,73.89,
2019-05-18,0.733,71.83,
2019-05-19,0.7593,70.96,
2019-05-20,0.7613,70.28,
2019-05-21,0.7603,71.35,
2019-05-22,0.7656,70.93,
2019-05-23,0.7634,69.47,
2019-05-24,0.762,69.54,
2019-05-25,0.7619,69.6,
2019-05-26,0.7668,68.55,
2019-05-27,0.7658,68.98,
2019-05-28,0.7673,69.38,
2019-05-29,0.7678,69.27,
2019-05-30,0.7737,68.47,
2019-05-31,0.7744,69.61,
2019-06-01,0.7247,68.99,
2019-06-02,0.7296,68.81,
2019-06-03,0.7422,68.51,
2019-06-04,0.749,69.71,
2019-06-05,0.749,70.29,
2019-06-06,0.7479,71.0,
2019-06-07,0.746,69.45,
2019-06-08,0.7454,68.78,
2019-06-09,0.7517,67.49,
2019-06-10,0.7452,68.88,
2019-06-11,0.7459,69.02,
2019-06-12,0.7452,71.3,
2019-06-13,0.7425,69.29,
2019-06-14,0.7391,67.62,
2019-06-15,0.7376,67.76,
2019-06-16,0.7363,66.64,
2019-06-17,0.7395,65.53,
2019-06-18,0.743,64.97,
2019-06-19,0.7432,64.68,
2019-06-20,0.7414,63.49,
2019-06-21,0.7507,64.72,
2019-06-22,0.7587,64.36,
2019-06-23,0.7547,63.13,
2019-06-24,0.7438,62.76,
2019-06-25,0.737,60.06,
2019-06-26,0.7395,57.6,
2019-06-27,0.7801,58.58,
2019-06-28,0.7786,55.84,
2019-06-29,0.7665,59.58,
2019-06-30,0.7847,59.83,
2019-07-01,0.7822,61.77,
2019-07-02,0.7791,60.1,
2019-07-03,0.7749,56.41,
2019-07-04,0.7823,56.48,
2019-07-05,0.7918,58.4,
2019-07-06,0.7928,57.11,
2019-07-07,0.7894,59.43,
2019-07-08,0.7887,56.76,
2019-07-09,0.7855,54.69,
2019-07-10,0.7688,53.11,
2019-07-11,0.7751,52.66,
2019-07-12,0.7803,52.05,
2019-07-13,0.7981,52.66,
2019-07-14,0.8447,49.4,
2019-07-15,0.8796,46.95,
2019-07-16,0.8887,46.79,
2019-07-17,0.884,48.57,
2019-07-18,0.8779,47.29,
2019-07-19,0.8773,46.79,
2019-07-20,0.878,47.37,
2019-07-21,0.8768,47.39,
2019-07-22,0.8779,46.83,
2019-07-23,0.8771,47.83,
2019-07-24,0.8735,49.25,
2019-07-25,0.8697,49.33,
2019-07-26,0.8697,49.54,
2019-07-27,0.8715,48.72,
2019-07-28,0.8707,49.22,
2019-07-29,0.8689,49.41,
2019-07-30,0.8695,48.78,
2019-07-31,0.8711,48.26,
2019-08-01,0.8686,46.63,
2019-08-02,0.865,46.11,
2019-08-03,0.8638,45.77,
2019-08-04,0.8644,45.19,
2019-08-05,0.8682,44.17,
2019-08-06,0.8697,43.84,
2019-08-07,0.8669,42.2,
2019-08-08,0.8646,41.1,
2019-08-09,0.8638,39.5,
2019-08-10,0.8619,40.53,
2019-08-11,0.8623,41.75,
2019-08-12,0.8639,41.32,
2019-08-13,0.8595,42.64,
2019-08-14,0.8649,41.33,
2019-08-15,0.8652,40.7,
2019-08-16,0.8641,39.79,
2019-08-17,0.8618,40.4,
2019-08-18,0.856,41.85,
2019-08-19,0.8583,41.42,
2019-08-20,0.8564,40.66,
2019-08-21,0.8557,41.04,
2019-08-22,0.853,42.04,
2019-08-23,0.8534,41.65,
2019-08-24,0.8546,41.91,
2019-08-25,0.8502,41.03,
2019-08-26,0.8319,40.56,
2019-08-27,0.8278,40.99,
2019-08-28,0.848,39.69,
2019-08-29,0.8383,39.68,
2019-08-30,0.8444,39.16,
2019-08-31,0.8437,39.87,
2019-09-01,0.8519,39.16,
2019-09-02,0.8505,38.37,
2019-09-03,0.8571,37.62,
2019-09-04,0.8577,36.98,
2019-09-05,0.8648,36.67,
2019-09-06,0.8697,36.54,
2019-09-07,0.8694,37.73,
2019-09-08,0.865,38.67,
2019-09-09,0.8579,39.02,
2019-09-10,0.8547,39.57,
2019-09-11,0.8548,39.09,
2019-09-12,0.8392,38.71,
2019-09-13,0.8506,38.92,
2019-09-14,0.7961,40.43,
2019-09-15,0.8013,40.83,
2019-09-16,0.7623,42.7,
2019-09-17,0.7343,45.35,
2019-09-18,0.7283,46.15,
2019-09-19,0.7194,47.98,
2019-09-20,0.7156,47.68,
2019-09-21,0.7152,47.88,
2019-09-22,0.7183,46.77,
2019-09-23,0.7258,46.2,
2019-09-24,0.7943,43.41,
2019-09-25,0.7813,44.83,
2019-09-26,0.78,45.72,
2019-09-27,0.7794,47.13,
2019-09-28,0.7805,47.13,
2019-09-29,0.7769,46.84,
2019-09-30,0.7878,48.28,
2019-10-01,0.7861,47.32,
2019-10-02,0.7853,47.93,
2019-10-03,0.7871,47.22,
2019-10-04,0.7834,48.01,
2019-10-05,0.781,48.16,
2019-10-06,0.7962,48.23,
2019-10-07,0.8074,48.92,
2019-10-08,0.815,49.24,
2019-10-09,0.8275,50.06,
2019-10-10,0.8261,49.69,
2019-10-11,0.8289,48.84,
2019-10-12,0.8348,48.29,
2019-10-13,0.812,48.71,
2019-10-14,0.8158,49.7,
2019-10-15,0.8224,49.22,
2019-10-16,0.8248,48.69,
2019-10-17,0.8267,48.91,
2019-10-18,0.8268,48.48,
2019-10-19,0.8266,48.19,
2019-10-20,0.819,47.53,
2019-10-21,0.8204,47.24,
2019-10-22,0.8224,47.48,
2019-10-23,0.8264,48.11,
2019-10-24,0.8299,48.18,
2019-10-25,0.8436,46.66,
2019-10-26,0.8048,43.3,
2019-10-27,0.8009,42.94,
2019-10-28,0.7971,43.93,
2019-10-29,0.7988,44.95,
2019-10-30,0.8016,44.66,
2019-10-31,0.8039,44.52,
2019-11-01,0.8023,44.22,
2019-11-02,0.8048,43.91,
2019-11-03,0.8068,43.97,
2019-11-04,0.8084,44.08,
2019-11-05,0.8048,45.11,
2019-11-06,0.8061,45.57,
2019-11-07,0.8087,45.16,
2019-11-08,0.8061,46.58,
2019-11-09,0.8065,46.74,
2019-11-10,0.8091,46.58,
2019-11-11,0.8107,47.15,
2019-11-12,0.8108,47.18,
2019-11-13,0.8167,47.58,
2019-11-14,0.8172,47.55,
2019-11-15,0.8285,47.32,
2019-11-16,0.8478,47.74,
2019-11-17,0.8493,48.04,
2019-11-18,0.8576,48.38,
2019-11-19,0.8578,48.14,
2019-11-20,0.8571,48.73,
2019-11-21,0.8622,47.03,
2019-11-22,0.8631,45.85,
2019-11-23,0.8376,46.17,
2019-11-24,0.8497,45.12,
2019-11-25,0.8504,45.63,
2019-11-26,0.8551,45.94,
2019-11-27,0.8564,45.23,
2019-11-28,0.8559,45.26,
2019-11-29,0.8611,44.55,
2019-11-30,0.8643,44.86,
2019-12-01,0.8649,45.33,
2019-12-02,0.8658,45.32,
2019-12-03,0.8679,45.0,
2019-12-04,0.8681,45.05,
2019-12-05,0.8682,44.61,
2019-12-06,0.8661,44.01,
2019-12-07,0.8666,43.83,
2019-12-08,0.861,44.52,
2019-12-09,0.862,44.59,
2019-12-10,0.8616,44.74,
2019-12-11,0.862,44.3,
2019-12-12,0.8619,44.75,
2019-12-13,0.8654,44.39,
2019-12-14,0.8652,44.64,
2019-12-15,0.8651,44.55,
2019-12-16,0.8585,42.91,
2019-12-17,0.8534,41.1,
2019-12-18,0.8722,40.72,
2019-12-19,0.8705,39.97,
2019-12-20,0.8706,39.8,
2019-12-21,0.8706,39.67,
2019-12-22,0.8674,39.23,
2019-12-23,0.8685,38.93,
2019-12-24,0.8245,39.24,
2019-12-25,0.8822,38.7,
2019-12-26,0.8802,38.86,
2019-12-27,0.8876,38.85,
2019-12-28,0.8892,39.04,
2019-12-29,0.8796,40.42,
2019-12-30,0.8798,40.49,
2019-12-31,0.8802,40.11,
2020-01-01,0.8801,40.44,
2020-01-02,0.8809,40.6,
2020-01-03,0.8873,40.67,
2020-01-04,0.8932,40.58,
2020-01-05,0.8932,40.93,
2020-01-06,0.9004,41.35,
2020-01-07,0.8801,39.14,
2020-01-08,0.8806,38.92,
2020-01-09,0.8777,39.27,
2020-01-10,0.883,39.24,
2020-01-11,0.8815,39.59,
2020-01-12,0.8836,39.64,
2020-01-13,0.8836,39.42,
2020-01-14,0.8913,41.85,
2020-01-15,0.8913,42.02,
2020-01-16,0.8917,41.95,
2020-01-17,0.893,42.58,
2020-01-18,0.8886,43.66,
2020-01-19,0.8921,42.69,
2020-01-20,0.8857,42.97,
2020-01-21,0.8794,43.2,
2020-01-22,0.8793,43.16,
2020-01-23,0.8737,43.15,
2020-01-24,0.8736,42.98,
2020-01-25,0.8739,42.91,
2020-01-26,0.8778,43.52,
2020-01-27,0.8738,42.71,
2020-01-28,0.8734,41.95,
2020-01-29,0.8737,41.83,
2020-01-30,0.8711,43.24,
2020-01-31,0.872,42.89,
2020-02-01,0.8706,43.53,
2020-02-02,0.8624,44.94,
2020-02-03,0.8621,45.48,
2020-02-04,0.8633,45.89,
2020-02-05,0.8692,47.29,
2020-02-06,0.868,48.58,
2020-02-07,0.8585,50.62,
2020-02-08,0.8574,50.36,
2020-02-09,0.857,50.3,
2020-02-10,0.8589,50.48,
2020-02-11,0.8624,51.43,
2020-02-12,0.8074,57.22,
2020-02-13,0.8051,58.43,
2020-02-14,0.7906,61.36,
2020-02-15,0.7901,59.59,
2020-02-16,0.7785,58.24,
2020-02-17,0.7598,61.19,
2020-02-18,0.7668,61.89,
2020-02-19,0.7855,60.03,
2020-02-20,0.7895,59.77,
2020-02-21,0.7854,61.04,
2020-02-22,0.785,60.44,
2020-02-23,0.787,61.41,
2020-02-24,0.7915,61.18,
2020-02-25,0.7995,59.06,
2020-02-26,0.8166,56.96,
2020-02-27,0.8174,57.47,
2020-02-28,0.8157,58.21,
2020-02-29,0.8138,56.91,
2020-03-01,0.8141,56.93,
2020-03-02,0.8154,57.87,
2020-03-03,0.8141,56.87,
2020-03-04,0.8148,57.09,
2020-03-05,0.8095,56.22,
2020-03-06,0.7956,59.43,
2020-03-07,0.833,59.43,
2020-03-08,0.8632,55.1,
2020-03-09,0.8587,56.75,
2020-03-10,0.86,56.51,
2020-03-11,0.856,54.83,
2020-03-12,0.9358,50.32,
2020-03-13,0.9411,53.3,
2020-03-14,0.9404,52.79,
2020-03-15,0.9383,51.69,
2020-03-16,0.9388,49.1,
2020-03-17,0.9375,48.54,
2020-03-18,0.938,48.81,
2020-03-19,0.9425,49.12,
2020-03-20,0.9411,47.67,
2020-03-21,0.941,47.81,
2020-03-22,0.9417,47.09,
2020-03-23,0.9418,46.81,
2020-03-24,0.9405,45.87,
2020-03-25,0.9404,45.38,
2020-03-26,0.9401,45.86,
2020-03-27,0.9413,46.09,
2020-03-28,0.9422,46.72,
2020-03-29,0.9422,47.21,
2020-03-30,0.9403,46.02,
2020-03-31,0.9403,46.19,
2020-04-01,0.94,45.7,
2020-04-02,0.9413,46.54,
2020-04-03,0.9414,46.98,
2020-04-04,0.9415,47.08,
2020-04-05,0.9412,47.06,
2020-04-06,0.9354,51.78,
2020-04-07,0.9368,51.22,
2020-04-08,0.9369,52.4,
2020-04-09,0.9368,52.07,
2020-04-10,0.9375,51.37,
2020-04-11,0.9372,51.35,
2020-04-12,0.9505,51.46,
2020-04-13,0.9511,50.83,
2020-04-14,0.9537,51.27,
2020-04-15,0.9537,51.38,
2020-04-16,0.9544,53.85,
2020-04-17,0.958,53.85,
2020-04-18,0.9537,57.33,
2020-04-19,0.9532,56.24,
2020-04-20,0.9535,55.74,
2020-04-21,0.9539,55.89,
2020-04-22,0.9541,57.12,
2020-04-23,0.952,55.44,
2020-04-24,0.952,55.79,
2020-04-25,0.9516,57.5,
2020-04-26,0.9512,57.2,
2020-04-27,0.9508,56.32,
2020-04-28,0.9511,56.58,
2020-04-29,0.9486,54.88,
2020-04-30,0.9481,53.38,
2020-05-01,0.948,53.8,
2020-05-02,0.9481,53.33,
2020-05-03,0.9481,52.78,
2020-05-04,0.9484,52.0,
2020-05-05,0.9518,51.13,
2020-05-06,0.9492,49.01,
2020-05-07,0.9472,47.49,
2020-05-08,0.9484,48.17,
2020-05-09,0.9476,49.1,
2020-05-10,0.9501,47.95,
2020-05-11,0.904,48.12,
2020-05-12,0.8963,47.87,
2020-05-13,0.8932,47.84,
2020-05-14,0.8915,46.42,
2020-05-15,0.8874,46.69,
2020-05-16,0.8863,47.64,
2020-05-17,0.8867,47.69,
2020-05-18,0.8527,49.1,
2020-05-19,0.8552,48.84,
2020-05-20,0.8557,49.12,
2020-05-21,0.8527,49.0,
2020-05-22,0.8413,50.23,
2020-05-23,0.8436,50.45,
2020-05-24,0.8444,51.25,
2020-05-25,0.8447,51.32,
2020-05-26,0.8428,50.87,
2020-05-27,0.843,50.65,
2020-05-28,0.8417,51.38,
2020-05-29,0.8435,52.05,
2020-05-30,0.8333,55.62,
2020-05-31,0.8369,54.35,
2020-06-01,0.8397,54.08,
2020-06-02,0.8401,55.42,
2020-06-03,0.8397,56.29,
2020-06-04,0.8378,55.52,
2020-06-05,0.8508,55.56,
2020-06-06,0.8502,55.79,
2020-06-07,0.8508,55.93,
2020-06-08,0.8507,56.12,
2020-06-09,0.8408,55.66,
2020-06-10,0.8407,55.81,
2020-06-11,0.8486,55.34,
2020-06-12,0.8478,55.77,
2020-06-13,0.8479,56.13,
2020-06-14,0.8461,55.52,
2020-06-15,0.8364,54.16,
2020-06-16,0.8359,54.71,
2020-06-17,0.8556,54.72,
2020-06-18,0.8565,54.9,
2020-06-19,0.8518,54.44,
2020-06-20,0.8517,54.69,
2020-06-21,0.8514,54.79,
2020-06-22,0.858,55.96,
2020-06-23,0.8572,56.44,
2020-06-24,0.8658,56.36,
2020-06-25,0.8659,55.97,
2020-06-26,0.8679,55.8,
2020-06-27,0.8677,54.87,
2020-06-28,0.8559,54.87,
2020-06-29,0.858,55.27,
2020-06-30,0.8565,55.14,
2020-07-01,0.8571,55.75,
2020-07-02,0.8573,55.97,
2020-07-03,0.8579,55.22,
2020-07-04,0.8602,55.84,
2020-07-05,0.8773,55.86,
2020-07-06,0.8892,57.35,
2020-07-07,0.8906,57.52,
2020-07-08,0.894,58.24,
2020-07-09,0.8718,58.31,
2020-07-10,0.8699,57.82,
2020-07-11,0.8704,57.69,
2020-07-12,0.8648,58.11,
2020-07-13,0.8809,57.71,
2020-07-14,0.8775,57.85,
2020-07-15,0.8793,57.74,
2020-07-16,0.876,56.96,
2020-07-17,0.88,56.63,
2020-07-18,0.8802,57.24,
2020-07-19,0.8795,57.8,
2020-07-20,0.8713,57.37,
2020-07-21,0.8761,58.18,
2020-07-22,0.8609,61.28,
2020-07-23,0.8517,63.83,
2020-07-24,0.8482,65.18,
2020-07-25,0.822,69.95,
2020-07-26,0.8212,69.59,
2020-07-27,0.7332,65.12,
2020-07-28,0.7347,64.6,
2020-07-29,0.7448,63.81,
2020-07-30,0.7198,67.04,
2020-07-31,0.6916,67.94,
2020-08-01,0.6852,72.92,
2020-08-02,0.6951,74.65,
2020-08-03,0.7021,76.47,
2020-08-04,0.6988,77.45,
2020-08-05,0.6956,76.11,
2020-08-06,0.6919,74.64,
2020-08-07,0.6953,72.83,
2020-08-08,0.6967,74.62,
2020-08-09,0.6978,74.58,
2020-08-10,0.6638,74.2,
2020-08-11,0.6784,74.21,
2020-08-12,0.6801,75.14,
2020-08-13,0.661,81.0,
2020-08-14,0.6655,82.74,
2020-08-15,0.6607,81.31,
2020-08-16,0.6593,81.2,
2020-08-17,0.6358,78.03,
2020-08-18,0.6358,78.66,
2020-08-19,0.6442,76.96,
2020-08-20,0.6441,78.05,
2020-08-21,0.6419,74.73,
2020-08-22,0.6423,75.43,
2020-08-23,0.6303,74.7,
2020-08-24,0.6274,77.17,
2020-08-25,0.6453,75.21,
2020-08-26,0.6401,74.89,
2020-08-27,0.6429,75.23,
2020-08-28,0.6458,76.35,
2020-08-29,0.6439,77.37,
2020-08-30,0.6427,81.43,
2020-08-31,0.6394,82.92,
2020-09-01,0.6398,88.72,
2020-09-02,0.6698,85.83,
2020-09-03,0.7338,83.8,
2020-09-04,0.722,82.22,
2020-09-05,0.7157,73.39,
2020-09-06,0.7127,76.52,
2020-09-07,0.71,75.71,
2020-09-08,0.7148,74.18,
2020-09-09,0.7148,76.32,
2020-09-10,0.7146,79.08,
2020-09-11,0.7143,80.2,
2020-09-12,0.7131,82.55,
2020-09-13,0.7113,78.83,
2020-09-14,0.711,78.63,
2020-09-15,0.7021,75.23,
2020-09-16,0.6998,74.2,
2020-09-17,0.6882,79.1,
2020-09-18,0.6878,78.18,
2020-09-19,0.684,77.36,
2020-09-20,0.6871,75.52,
2020-09-21,0.7042,72.73,
2020-09-22,0.7058,72.78,
2020-09-23,0.7183,69.77,
2020-09-24,0.7317,72.28,
2020-09-25,0.7858,73.32,
2020-09-26,0.7856,73.61,
2020-09-27,0.7882,73.85,
2020-09-28,0.7941,73.83,
2020-09-29,0.7924,73.85,
2020-09-30,0.7838,74.3,
2020-10-01,0.7943,74.04,
2020-10-02,0.7918,72.88,
2020-10-03,0.7926,73.13,
2020-10-04,0.802,73.57,
2020-10-05,0.8028,73.01,
2020-10-06,0.8033,71.55,
2020-10-07,0.8016,71.32,
2020-10-08,0.8023,71.54,
2020-10-09,0.8046,73.56,
2020-10-10,0.8029,73.11,
2020-10-11,0.8018,73.36,
2020-10-12,0.8113,74.7,
2020-10-13,0.8138,74.27,
2020-10-14,0.816,73.92,
2020-10-15,0.8151,73.1,
2020-10-16,0.8339,72.01,
2020-10-17,0.8362,72.3,
2020-10-18,0.8349,73.32,
2020-10-19,0.8289,72.03,
2020-10-20,0.8123,68.96,
2020-10-21,0.805,68.08,
2020-10-22,0.8018,71.04,
2020-10-23,0.8036,70.54,
2020-10-24,0.7959,70.05,
2020-10-25,0.7966,69.4,
2020-10-26,0.7933,67.06,
2020-10-27,0.7858,65.87,
2020-10-28,0.7905,65.2,
2020-10-29,0.7921,64.07,
2020-10-30,0.7934,62.91,
2020-10-31,0.8002,62.45,
2020-11-01,0.7805,64.23,
2020-11-02,0.7379,62.95,
2020-11-03,0.7383,61.85,
2020-11-04,0.7274,63.34,
2020-11-05,0.6698,59.17,
2020-11-06,0.6086,65.03,
2020-11-07,0.6128,65.39,
2020-11-08,0.6249,65.23,0.1653
2020-11-09,0.6328,64.49,0.1743
2020-11-10,0.6318,65.47,0.161
2020-11-11,0.6418,65.64,0.1385
2020-11-12,0.6255,63.05,0.1211
2020-11-13,0.6138,64.75,0.1139
2020-11-14,0.63,63.75,0.1267
2020-11-15,0.6337,62.45,0.1319
2020-11-16,0.6673,61.25,0.1803
2020-11-17,0.6773,60.6,0.1731
2020-11-18,0.6774,59.95,0.1737
2020-11-19,0.6725,58.93,0.1666
2020-11-20,0.6571,60.94,0.1603
2020-11-21,0.6185,65.62,0.1468
2020-11-22,0.5892,67.63,0.1593
2020-11-23,0.5125,73.76,0.1195
2020-11-24,0.494,70.36,0.121
2020-11-25,0.5116,67.82,0.1181
2020-11-26,0.5883,67.34,0.2165
2020-11-27,0.5877,67.34,0.2128
2020-11-28,0.5938,67.63,0.2153
2020-11-29,0.5949,70.51,0.2161
2020-11-30,0.6129,69.74,0.2203
2020-12-01,0.6271,69.54,0.2056
2020-12-02,0.6272,69.37,0.2075
2020-12-03,0.6263,70.6,0.2075
2020-12-04,0.6468,67.78,0.2383
2020-12-05,0.6421,69.34,0.2198
2020-12-06,0.6419,69.27,0.2213
2020-12-07,0.6433,68.65,0.2196
2020-12-08,0.6643,67.42,0.2446
2020-12-09,0.6631,68.81,0.25
2020-12-10,0.6667,68.22,0.2563
2020-12-11,0.6696,67.28,0.2622
2020-12-12,0.6723,67.31,0.2616
2020-12-13,0.672,68.58,0.2623
2020-12-14,0.672,67.78,0.2613
2020-12-15,0.668,67.57,0.2507
2020-12-16,0.6877,66.46,0.2446
2020-12-17,0.6717,62.76,0.2162
2020-12-18,0.673,63.0,0.2226
2020-12-19,0.6766,61.49,0.2232
2020-12-20,0.6697,60.53,0.2388
2020-12-21,0.6849,59.54,0.2395
2020-12-22,0.6881,59.43,0.2313
2020-12-23,0.6916,55.91,0.2573
2020-12-24,0.6895,57.36,0.2558
2020-12-25,0.6916,56.54,0.2619
2020-12-26,0.6781,53.54,0.2232
2020-12-27,0.6435,57.84,0.2011
2020-12-28,0.6451,60.03,0.2122
2020-12-29,0.6454,59.52,0.2087
2020-12-30,0.6444,58.02,0.1836
2020-12-31,0.6482,56.63,0.188
2021-01-01,0.6426,55.35,0.1684
2021-01-02,0.6515,53.67,0.1531
2021-01-03,0.5401,66.25,0.1529
2021-01-04,0.5325,72.43,0.1312
2021-01-05,0.5602,72.04,0.1321
2021-01-06,0.5683,72.98,0.1081
2021-01-07,0.5547,69.31,0.1552
2021-01-08,0.5455,66.8,0.1629
2021-01-09,0.5341,70.85,0.1667
2021-01-10,0.5364,73.26,0.1674
2021-01-11,0.5884,68.24,0.2101
2021-01-12,0.5994,68.48,0.1675
2021-01-13,0.6074,67.46,0.1393
2021-01-14,0.6105,69.22,0.1317
2021-01-15,0.619,70.84,0.1236
2021-01-16,0.6054,75.91,0.1238
2021-01-17,0.6065,76.52,0.1133
2021-01-18,0.6058,76.41,0.1109
2021-01-19,0.5751,85.01,0.1176
2021-01-20,0.5853,86.57,0.1231
2021-01-21,0.6564,81.0,0.2073
2021-01-22,0.6792,83.4,0.2278
2021-01-23,0.6855,85.46,0.2239
2021-01-24,0.6632,95.95,0.2231
2021-01-25,0.6413,91.1,0.1743
2021-01-26,0.6403,92.76,0.1702
2021-01-27,0.6536,91.67,0.1942
2021-01-28,0.6532,88.64,0.1945
2021-01-29,0.6495,89.69,0.1946
2021-01-30,0.6439,89.4,0.1896
2021-01-31,0.6494,88.4,0.1878
2021-02-01,0.649,90.88,0.1881
2021-02-02,0.6484,94.99,0.1856
2021-02-03,0.6541,98.67,0.1917
2021-02-04,0.6565,96.15,0.1807
2021-02-05,0.6565,100.31,0.1791
2021-02-06,0.6401,95.13,0.1504
2021-02-07,0.6422,92.37,0.1439
2021-02-08,0.6228,84.17,0.2001
2021-02-09,0.6206,84.68,0.1934
2021-02-10,0.6221,86.45,0.1701
2021-02-11,0.6176,82.89,0.1655
2021-02-12,0.6143,86.39,0.167
2021-02-13,0.6159,85.74,0.1749
2021-02-14,0.6054,82.49,0.1816
2021-02-15,0.6162,82.64,0.2023
2021-02-16,0.6144,80.59,0.197
2021-02-17,0.6159,78.91,0.1928
2021-02-18,0.6076,83.46,0.18
2021-02-19,0.5899,78.08,0.2128
2021-02-20,0.5894,76.17,0.2218
2021-02-21,0.5832,74.89,0.2047
2021-02-22,0.5986,73.18,0.1352
2021-02-23,0.628,71.6,0.1273
2021-02-24,0.6355,72.85,0.1534
2021-02-25,0.6552,69.76,0.1866
2021-02-26,0.6559,69.47,0.1857
2021-02-27,0.6559,70.37,0.1881
2021-02-28,0.6593,69.84,0.2102
2021-03-01,0.6715,70.19,0.2279
2021-03-02,0.6753,68.68,0.2393
2021-03-03,0.6764,69.42,0.2559
2021-03-04,0.7468,70.69,0.2661
2021-03-05,0.7636,69.76,0.2793
2021-03-06,0.7495,75.31,0.3139
2021-03-07,0.7422,74.91,0.3581
2021-03-08,0.7473,78.18,0.3318
2021-03-09,0.7487,75.86,0.3365
2021-03-10,0.7486,71.51,0.3331
2021-03-11,0.7493,70.33,0.3396
2021-03-12,0.7374,68.81,0.3172
2021-03-13,0.7395,69.96,0.3527
2021-03-14,0.7348,69.62,0.3888
2021-03-15,0.7333,71.35,0.4139
2021-03-16,0.7302,70.82,0.4079
2021-03-17,0.7404,68.95,0.4127
2021-03-18,0.7415,68.6,0.4229
2021-03-19,0.741,69.35,0.425
2021-03-20,0.7699,69.2,0.4223
2021-03-21,0.7716,69.21,0.4233
2021-03-22,0.7359,69.05,0.3398
2021-03-23,0.7268,68.27,0.3251
2021-03-24,0.7332,67.22,0.3382
2021-03-25,0.7735,68.69,0.344
2021-03-26,0.7844,68.75,0.3598
2021-03-27,0.786,68.27,0.3613
2021-03-28,0.7759,67.3,0.334
2021-03-29,0.7672,70.15,0.344
2021-03-30,0.7671,69.75,0.3457
2021-03-31,0.761,72.48,0.3516
2021-04-01,0.7536,74.49,0.3516
2021-04-02,0.7369,80.35,0.3518
2021-04-03,0.7366,78.39,0.3108
2021-04-04,0.7322,79.3,0.3047
2021-04-05,0.731,79.46,0.3177
2021-04-06,0.7318,81.04,0.3092
2021-04-07,0.7459,78.29,0.3152
2021-04-08,0.749,79.72,0.3196
2021-04-09,0.7669,79.2,0.2434
2021-04-10,0.7684,79.53,0.2356
2021-04-11,0.7695,79.78,0.2722
2021-04-12,0.7778,79.52,0.281
2021-04-13,0.794,80.6,0.2555
2021-04-14,0.7773,85.9,0.2541
2021-04-15,0.782,88.58,0.2585
2021-04-16,0.7841,87.93,0.2721
2021-04-17,0.7883,86.02,0.2877
2021-04-18,0.7907,88.59,0.1725
2021-04-19,0.8013,86.54,0.1789
2021-04-20,0.8198,91.86,0.0853
2021-04-21,0.8064,97.66,0.0889
2021-04-22,0.7963,103.37,0.0372
2021-04-23,0.787,102.98,0.1459
2021-04-24,0.7542,98.37,0.1648
2021-04-25,0.7351,105.22,0.13
2021-04-26,0.7412,104.45,-0.0074
2021-04-27,0.7401,107.72,-0.0161
2021-04-28,0.7371,111.52,-0.0191
2021-04-29,0.7327,114.6,-0.0112
2021-04-30,0.6723,106.9,-0.0958
2021-05-01,0.6581,113.41,-0.1137
2021-05-02,0.6505,116.05,-0.0982
2021-05-03,0.5963,133.54,-0.1303
2021-05-04,0.6158,135.81,-0.0797
2021-05-05,0.6457,136.57,-0.0633
2021-05-06,0.6451,137.8,-0.0684
2021-05-07,0.6401,135.26,-0.0664
2021-05-08,0.6422,147.75,-0.0839
2021-05-09,0.6605,150.2,-0.0725
2021-05-10,0.6601,157.51,-0.0802
2021-05-11,0.6626,163.66,-0.086
2021-05-12,0.6804,171.48,-0.0373
2021-05-13,0.6693,166.36,-0.0553
2021-05-14,0.6498,182.05,-0.0707
2021-05-15,0.6706,173.21,-0.0614
2021-05-16,0.6773,171.92,-0.0684
2021-05-17,0.6914,167.84,-0.0581
2021-05-18,0.6887,175.36,-0.0639
2021-05-19,0.7499,148.04,0.1836
2021-05-20,0.7664,151.99,0.2712
2021-05-21,0.7763,145.05,0.3115
2021-05-22,0.7677,136.15,0.2941
2021-05-23,0.7729,135.07,0.3271
2021-05-24,0.7986,152.05,0.3877
2021-05-25,0.7981,156.91,0.3717
2021-05-26,0.8009,163.66,0.3752
2021-05-27,0.8017,158.49,0.3778
2021-05-28,0.8064,150.91,0.3954
2021-05-29,0.8082,146.6,0.3989
2021-05-30,0.8094,149.15,0.4004
2021-05-31,0.813,161.9,0.4147
2021-06-01,0.8158,159.81,0.415
2021-06-02,0.8147,160.33,0.4334
2021-06-03,0.8153,162.11,0.4431
2021-06-04,0.818,162.21,0.4512
2021-06-05,0.8184,164.72,0.4487
2021-06-06,0.8177,168.54,0.4562
2021-06-07,0.8173,171.82,0.4684
2021-06-08,0.8159,167.43,0.4678
2021-06-09,0.7908,155.48,0.4516
2021-06-10,0.7897,149.91,0.4516
2021-06-11,0.7806,140.35,0.4369
2021-06-12,0.7728,148.56,0.4509
2021-06-13,0.7689,142.83,0.4502
2021-06-14,0.7672,140.48,0.4467
2021-06-15,0.7666,143.85,0.4448
2021-06-16,0.7701,137.45,0.4472
2021-06-17,0.7698,138.77,0.5293
2021-06-18,0.7734,138.83,0.5343
2021-06-19,0.7732,136.17,0.5344
2021-06-20,0.7789,140.09,0.5383
2021-06-21,0.7976,132.72,0.6032
2021-06-22,0.7944,128.41,0.6019
2021-06-23,0.7974,131.35,0.6153
2021-06-24,0.8003,127.71,0.6346
2021-06-25,0.8012,127.59,0.682
2021-06-26,0.7999,126.52,0.6853
2021-06-27,0.8043,127.14,0.6867
2021-06-28,0.8025,134.45,0.6856
2021-06-29,0.8167,134.11,0.6959
2021-06-30,0.8122,144.51,0.6996
2021-07-01,0.8142,140.16,0.7011
2021-07-02,0.8329,141.21,0.703
2021-07-03,0.8336,142.95,0.6998
2021-07-04,0.831,146.47,0.7017
2021-07-05,0.8322,145.04,0.7021
2021-07-06,0.8334,151.17,0.7046
2021-07-07,0.8371,152.24,0.7005
2021-07-08,0.836,143.55,0.7011
2021-07-09,0.8398,141.4,0.6982
2021-07-10,0.8399,140.23,0.6967
2021-07-11,0.8458,139.12,0.7139
2021-07-12,0.8482,136.75,0.7178
2021-07-13,0.8571,132.07,0.7174
2021-07-14,0.8533,135.27,0.7272
2021-07-15,0.8539,133.88,0.7328
2021-07-16,0.8511,133.23,0.739
2021-07-17,0.8548,134.06,0.7659
2021-07-18,0.8341,132.72,0.7277
2021-07-19,0.8221,131.28,0.7006
2021-07-20,0.8102,133.5,0.6893
2021-07-21,0.8277,138.03,0.7365
2021-07-22,0.8226,139.53,0.7226
2021-07-23,0.8084,140.86,0.6811
2021-07-24,0.8123,142.12,0.6805
2021-07-25,0.8103,138.0,0.6868
2021-07-26,0.8059,133.16,0.6767
2021-07-27,0.794,129.84,0.6467
2021-07-28,0.791,127.83,0.6413
2021-07-29,0.7854,132.49,0.6215
2021-07-30,0.7955,130.03,0.6137
2021-07-31,0.7873,135.64,0.5795
2021-08-01,0.7761,142.67,0.5851
2021-08-02,0.7661,148.23,0.5792
2021-08-03,0.7615,146.01,0.5667
2021-08-04,0.7632,152.6,0.5927
2021-08-05,0.766,154.01,0.5983
2021-08-06,0.7613,150.31,0.5877
2021-08-07,0.7626,157.75,0.5956
2021-08-08,0.786,153.19,0.6291
2021-08-09,0.7894,152.1,0.6271
2021-08-10,0.8039,153.43,0.648
2021-08-11,0.8166,154.5,0.6587
2021-08-12,0.8253,152.5,0.6586
2021-08-13,0.8363,154.75,0.6756
2021-08-14,0.8382,154.35,0.6807
2021-08-15,0.8318,156.65,0.6164
2021-08-16,0.8331,152.75,0.565
2021-08-17,0.83,150.17,0.5456
2021-08-18,0.8305,150.07,0.5317
2021-08-19,0.8356,151.66,0.5241
2021-08-20,0.7965,148.31,0.424
2021-08-21,0.8038,146.85,0.4309
2021-08-22,0.8008,146.34,0.418
2021-08-23,0.8049,149.14,0.4155
2021-08-24,0.7907,148.04,0.3961
2021-08-25,0.7905,146.64,0.3942
2021-08-26,0.7838,147.03,0.3591
2021-08-27,0.8028,148.42,0.3871
2021-08-28,0.8013,147.7,0.3781
2021-08-29,0.832,147.12,0.3894
2021-08-30,0.8163,152.55,0.3016
2021-08-31,0.8001,162.07,0.3019
2021-09-01,0.7894,174.77,0.3019
2021-09-02,0.7869,171.09,0.3
2021-09-03,0.7775,175.36,0.284
2021-09-04,0.7817,173.3,0.2856
2021-09-05,0.7781,170.0,0.2898
2021-09-06,0.7725,166.16,0.2678
2021-09-07,0.8148,162.95,0.2264
2021-09-08,0.8084,168.92,0.2089
2021-09-09,0.8059,164.47,0.2105
2021-09-10,0.8057,159.29,0.2115
2021-09-11,0.8066,161.06,0.2022
2021-09-12,0.8083,164.81,0.1972
2021-09-13,0.8069,162.67,0.1825
2021-09-14,0.8076,162.11,0.1409
2021-09-15,0.8072,167.06,0.1373
2021-09-16,0.8086,166.39,0.1441
2021-09-17,0.8022,160.07,0.1244
2021-09-18,0.8005,158.26,0.1137
2021-09-19,0.7868,156.84,0.0941
2021-09-20,0.8135,153.75,0.1867
2021-09-21,0.8182,151.23,0.2124
2021-09-22,0.8285,157.25,0.2645
2021-09-23,0.8337,156.47,0.27
2021-09-24,0.8476,152.35,0.3031
2021-09-25,0.8526,152.47,0.3214
2021-09-26,0.8526,157.78,0.3228
2021-09-27,0.857,154.66,0.3291
2021-09-28,0.8618,152.3,0.3405
2021-09-29,0.8686,152.82,0.3564
2021-09-30,0.8822,152.6,0.3399
2021-10-01,0.8945,153.03,0.3738
2021-10-02,0.8891,158.26,0.3732
2021-10-03,0.8891,157.88,0.3714
2021-10-04,0.8841,153.21,0.3628
2021-10-05,0.8882,152.05,0.3438
2021-10-06,0.8721,143.98,0.3049
2021-10-07,0.8676,148.45,0.3019
2021-10-08,0.8656,147.01,0.3065
2021-10-09,0.8649,144.82,0.3056
2021-10-10,0.8616,139.25,0.3063
2021-10-11,0.8598,137.3,0.286
2021-10-12,0.8506,138.74,0.2618
2021-10-13,0.851,139.86,0.2508
2021-10-14,0.8424,147.04,0.2708
2021-10-15,0.8267,139.61,0.3213
2021-10-16,0.8242,140.04,0.329
2021-10-17,0.8241,139.14,0.338
2021-10-18,0.8174,134.55,0.3428
2021-10-19,0.8201,134.33,0.3227
2021-10-20,0.817,140.2,0.327
2021-10-21,0.813,145.09,0.2945
2021-10-22,0.815,145.63,0.2909
2021-10-23,0.8077,151.27,0.2747
2021-10-24,0.8083,149.36,0.2751
2021-10-25,0.8061,148.95,0.2885
2021-10-26,0.8014,152.36,0.2777
2021-10-27,0.8045,149.61,0.2994
2021-10-28,0.8035,157.44,0.3054
2021-10-29,0.8099,157.94,0.3654
2021-10-30,0.822,155.6,0.3669
2021-10-31,0.8344,155.68,0.3637
2021-11-01,0.8349,157.82,0.3729
2021-11-02,0.8382,161.43,0.3877
2021-11-03,0.8378,162.88,0.3756
2021-11-04,0.8395,164.37,0.3725
2021-11-05,0.8421,163.39,0.3768
2021-11-06,0.8151,163.6,0.4468
2021-11-07,0.8222,162.43,0.4615
2021-11-08,0.8236,158.55,0.445
2021-11-09,0.8207,157.4,0.4394
2021-11-10,0.8224,158.8,0.443
2021-11-11,0.8211,162.14,0.4474
2021-11-12,0.8194,161.95,0.4453
2021-11-13,0.8164,160.62,0.4768
2021-11-14,0.8157,157.32,0.4755
2021-11-15,0.815,159.63,0.4728
2021-11-16,0.8272,156.02,0.4903
2021-11-17,0.827,158.12,0.495
2021-11-18,0.8336,156.41,0.516
2021-11-19,0.8019,164.64,0.4595
2021-11-20,0.7925,164.45,0.4396
2021-11-21,0.7793,161.85,0.3655
2021-11-22,0.7848,161.7,0.3877
2021-11-23,0.7719,167.86,0.3659
2021-11-24,0.7743,167.72,0.3716
2021-11-25,0.778,166.16,0.3635
2021-11-26,0.7876,167.51,0.3971
2021-11-27,0.7836,166.39,0.3877
2021-11-28,0.788,167.0,0.3928
2021-11-29,0.7798,171.19,0.3855
2021-11-30,0.7311,180.87,0.2936
2021-12-01,0.7361,178.43,0.2922
2021-12-02,0.7376,177.82,0.2886
2021-12-03,0.7581,175.31,0.3364
2021-12-04,0.7412,186.4,0.3738
2021-12-05,0.7606,189.32,0.4448
2021-12-06,0.7677,191.83,0.4397
2021-12-07,0.7673,189.47,0.4383
2021-12-08,0.7657,195.68,0.4427
2021-12-09,0.7869,192.39,0.4683
2021-12-10,0.7768,184.18,0.4896
2021-12-11,0.7812,184.21,0.5068
2021-12-12,0.7789,183.72,0.5196
2021-12-13,0.804,180.25,0.5509
2021-12-14,0.8246,178.88,0.5246
2021-12-15,0.8329,182.95,0.5542
2021-12-16,0.8339,185.07,0.5538
2021-12-17,0.8429,186.93,0.5564
2021-12-18,0.8421,188.22,0.5712
2021-12-19,0.8412,186.96,0.5611
2021-12-20,0.8459,186.81,0.6217
2021-12-21,0.8406,182.89,0.6351
2021-12-22,0.8439,182.3,0.6355
2021-12-23,0.8448,180.08,0.6475
2021-12-24,0.8412,177.32,0.6439
2021-12-25,0.8414,180.7,0.6365
2021-12-26,0.8372,178.21,0.6304
2021-12-27,0.839,177.5,0.6217
2021-12-28,0.8443,177.81,0.6394
2021-12-29,0.8455,173.93,0.6427
2021-12-30,0.8465,175.25,0.6473
2021-12-31,0.8469,177.05,0.6479
2022-01-01,0.8436,175.99,0.6422
2022-01-02,0.8411,180.07,0.6643
2022-01-03,0.8416,180.24,0.6738
2022-01-04,0.8395,184.03,0.6768
2022-01-05,0.8454,181.41,0.6986
2022-01-06,0.8404,176.32,0.7174
2022-01-07,0.8426,171.06,0.7548
2022-01-08,0.8341,164.94,0.7555
2022-01-09,0.834,167.73,0.7543
2022-01-10,0.8324,164.12,0.7509
2022-01-11,0.8341,168.68,0.7534
2022-01-12,0.8384,170.82,0.7622
2022-01-13,0.8439,169.78,0.7687
2022-01-14,0.8459,170.97,0.772
2022-01-15,0.839,171.72,0.7644
2022-01-16,0.839,173.03,0.7647
2022-01-17,0.8304,169.26,0.7519
2022-01-18,0.8341,166.22,0.7546
2022-01-19,0.8321,165.1,0.7563
2022-01-20,0.8338,164.24,0.7798
2022-01-21,0.8602,156.2,0.7938
2022-01-22,0.8635,152.85,0.7802
2022-01-23,0.8677,155.57,0.7859
2022-01-24,0.8553,148.22,0.7751
2022-01-25,0.8529,147.95,0.7717
2022-01-26,0.8521,149.09,0.7718
2022-01-27,0.8424,145.24,0.7649
2022-01-28,0.8425,150.07,0.7652
2022-01-29,0.8609,151.6,0.7699
2022-01-30,0.8613,152.85,0.7867
2022-01-31,0.8621,155.51,0.7908
2022-02-01,0.8538,160.44,0.7665
2022-02-02,0.8868,161.63,0.7906
2022-02-03,0.8873,160.53,0.7926
2022-02-04,0.8992,160.05,0.8012
2022-02-05,0.899,161.95,0.8014
2022-02-06,0.9043,160.49,0.8027
2022-02-07,0.9004,159.58,0.7973
2022-02-08,0.9057,157.57,0.7987
2022-02-09,0.8987,162.65,0.802
2022-02-10,0.8964,157.26,0.8014
2022-02-11,0.8897,153.67,0.7905
2022-02-12,0.8897,153.74,0.7904
2022-02-13,0.8837,152.12,0.785
2022-02-14,0.8857,153.35,0.7891
2022-02-15,0.8908,158.81,0.8052
2022-02-16,0.8906,158.39,0.8057
2022-02-17,0.8958,158.24,0.8088
2022-02-18,0.8952,154.92,0.8125
2022-02-19,0.8982,153.35,0.8105
2022-02-20,0.9001,152.27,0.7988
2022-02-21,0.898,154.55,0.7953
2022-02-22,0.8993,153.47,0.7988
2022-02-23,0.9007,154.62,0.7995
2022-02-24,0.8975,150.89,0.8031
2022-02-25,0.8949,156.94,0.8056
2022-02-26,0.8925,158.33,0.7964
2022-02-27,0.894,154.78,0.7976
2022-02-28,0.8942,150.46,0.828
2022-03-01,0.8952,149.19,0.8246
2022-03-02,0.8946,149.52,0.8183
2022-03-03,0.8986,148.64,0.8202
2022-03-04,0.9025,148.87,0.8212
2022-03-05,0.9047,150.57,0.8214
2022-03-06,0.9025,148.05,0.8182
2022-03-07,0.9041,146.09,0.8182
2022-03-08,0.9033,148.08,0.8151
2022-03-09,0.9074,144.75,0.8233
2022-03-10,0.9081,147.22,0.8249
2022-03-11,0.9096,146.88,0.8265
2022-03-12,0.9113,147.34,0.8252
2022-03-13,0.9107,148.16,0.8268
2022-03-14,0.909,145.4,0.8261
2022-03-15,0.907,148.28,0.8223
2022-03-16,0.9092,149.99,0.8267
2022-03-17,0.9076,153.02,0.8265
2022-03-18,0.9066,156.86,0.8267
2022-03-19,0.9075,155.46,0.8264
2022-03-20,0.9078,154.38,0.8271
2022-03-21,0.9058,157.06,0.8257
2022-03-22,0.8949,156.26,0.8116
2022-03-23,0.8932,157.32,0.8213
2022-03-24,0.893,157.39,0.8164
2022-03-25,0.9042,155.95,0.8332
2022-03-26,0.904,157.24,0.8323
2022-03-27,0.906,156.51,0.8358
2022-03-28,0.9095,157.61,0.839
2022-03-29,0.9134,159.56,0.8344
2022-03-30,0.9138,160.13,0.8149
2022-03-31,0.9153,160.43,0.8059
2022-04-01,0.9114,165.93,0.7992
2022-04-02,0.9158,167.2,0.8209
2022-04-03,0.9138,168.83,0.8145
2022-04-04,0.9139,168.14,0.8113
2022-04-05,0.9012,166.73,0.8008
2022-04-06,0.9054,163.42,0.8092
2022-04-07,0.9051,165.46,0.8058
2022-04-08,0.9035,168.05,0.8082
2022-04-09,0.9046,169.74,0.8132
2022-04-10,0.9097,169.41,0.8133
2022-04-11,0.919,167.92,0.8265
2022-04-12,0.9206,168.12,0.8309
2022-04-13,0.9213,168.63,0.83
2022-04-14,0.9229,168.35,0.834
2022-04-15,0.9224,166.93,0.8335
2022-04-16,0.9249,168.64,0.8279
2022-04-17,0.9249,167.79,0.8281
2022-04-18,0.9188,166.73,0.818
2022-04-19,0.9214,166.51,0.8162
2022-04-20,0.922,165.6,0.8148
2022-04-21,0.9201,164.11,0.823
2022-04-22,0.9198,166.09,0.8207
2022-04-23,0.9195,165.65,0.8188
2022-04-24,0.9189,164.85,0.8179
2022-04-25,0.9241,165.59,0.8157
2022-04-26,0.9363,164.02,0.8181
2022-04-27,0.9374,163.89,0.8201
2022-04-28,0.939,164.39,0.815
2022-04-29,0.9326,162.35,0.7713
2022-04-30,0.9335,161.16,0.7747
2022-05-01,0.9333,163.64,0.7807
2022-05-02,0.9316,165.1,0.7738
2022-05-03,0.9241,164.15,0.7642
2022-05-04,0.9287,164.91,0.7763
2022-05-05,0.9335,167.34,0.7881
2022-05-06,0.935,166.47,0.7889
2022-05-07,0.9351,165.3,0.7921
2022-05-08,0.9403,164.55,0.7937
2022-05-09,0.9509,164.99,0.8265
2022-05-10,0.9503,168.17,0.8286
2022-05-11,0.9452,159.42,0.8169
2022-05-12,0.9248,150.34,0.7894
2022-05-13,0.9274,153.14,0.7878
2022-05-14,0.9292,152.08,0.7945
2022-05-15,0.9279,152.59,0.7989
2022-05-16,0.9323,150.79,0.8045
2022-05-17,0.9337,152.95,0.8064
2022-05-18,0.9365,148.57,0.8146
2022-05-19,0.9381,148.22,0.8113
2022-05-20,0.939,149.53,0.8126
2022-05-21,0.9389,149.35,0.8151
2022-05-22,0.9397,150.0,0.8165
2022-05-23,0.939,150.88,0.8164
2022-05-24,0.9378,148.56,0.821
2022-05-25,0.937,146.46,0.8197
2022-05-26,0.9172,137.22,0.8115
2022-05-27,0.9162,134.14,0.8127
2022-05-28,0.9161,135.82,0.8087
2022-05-29,0.9175,137.0,0.8214
2022-05-30,0.926,140.09,0.8226
2022-05-31,0.9257,136.01,0.8247
2022-06-01,0.9275,136.23,0.8319
2022-06-02,0.9261,134.02,0.8313
2022-06-03,0.9263,133.03,0.8341
2022-06-04,0.9257,134.44,0.8339
2022-06-05,0.9235,134.38,0.8286
2022-06-06,0.9227,131.94,0.8379
2022-06-07,0.9243,129.62,0.8328
2022-06-08,0.9211,132.15,0.8285
2022-06-09,0.921,132.32,0.8268
2022-06-10,0.9165,127.45,0.8223
2022-06-11,0.9077,120.07,0.8214
2022-06-12,0.9074,120.22,0.8251
2022-06-13,0.9239,119.25,0.7723
2022-06-14,0.9216,121.47,0.7633
2022-06-15,0.9228,121.62,0.7484
2022-06-16,0.9286,116.62,0.7599
2022-06-17,0.9275,118.16,0.7601
2022-06-18,0.9294,116.32,0.7253
2022-06-19,0.9322,122.14,0.7333
2022-06-20,0.9322,121.87,0.7331
2022-06-21,0.9332,120.91,0.7342
2022-06-22,0.9327,117.11,0.7356
2022-06-23,0.9346,120.72,0.7466
2022-06-24,0.9239,128.64,0.7405
2022-06-25,0.9229,128.74,0.7395
2022-06-26,0.9223,127.03,0.7384
2022-06-27,0.9215,128.16,0.7392
2022-06-28,0.921,125.64,0.7374
2022-06-29,0.919,121.69,0.7383
2022-06-30,0.9184,120.09,0.7356
2022-07-01,0.9165,122.44,0.7367
2022-07-02,0.9163,123.39,0.7369
2022-07-03,0.914,123.88,0.7296
2022-07-04,0.9184,126.66,0.734
2022-07-05,0.9181,125.1,0.7322
2022-07-06,0.9175,128.6,0.734
2022-07-07,0.9173,127.33,0.7326
2022-07-08,0.9145,125.24,0.7111
2022-07-09,0.9139,125.47,0.7083
2022-07-10,0.9113,124.69,0.7031
2022-07-11,0.9218,122.31,0.7289
2022-07-12,0.9228,119.61,0.7326
2022-07-13,0.9248,122.65,0.7346
2022-07-14,0.919,128.96,0.73
2022-07-15,0.9175,131.75,0.7246
2022-07-16,0.9052,142.1,0.7244
2022-07-17,0.9019,143.42,0.7159
2022-07-18,0.9046,156.3,0.7342
2022-07-19,0.8892,146.86,0.7306
2022-07-20,0.8892,145.68,0.7261
2022-07-21,0.8853,151.53,0.7222
2022-07-22,0.8856,150.68,0.7179
2022-07-23,0.8862,153.53,0.7183
2022-07-24,0.8862,157.49,0.7203
2022-07-25,0.8969,150.63,0.738
2022-07-26,0.8969,151.12,0.7374
2022-07-27,0.904,158.85,0.7571
2022-07-28,0.9049,161.1,0.7616
2022-07-29,0.9003,161.55,0.7638
2022-07-30,0.9026,159.6,0.7632
2022-07-31,0.9018,160.41,0.7532
2022-08-01,0.9019,156.14,0.7532
2022-08-02,0.901,158.21,0.7516
2022-08-03,0.9009,157.75,0.7502
2022-08-04,0.901,158.2,0.7508
2022-08-05,0.9057,165.59,0.7445
2022-08-06,0.9065,164.02,0.7519
2022-08-07,0.9074,163.24,0.7521
2022-08-08,0.9083,166.01,0.7549
2022-08-09,0.9086,163.67,0.7539
2022-08-10,0.913,172.14,0.7587
2022-08-11,0.912,174.81,0.7497
2022-08-12,0.9083,178.56,0.7766
2022-08-13,0.9092,180.6,0.7866
2022-08-14,0.9089,177.3,0.8157
2022-08-15,0.8974,175.63,0.7916
2022-08-16,0.8978,175.07,0.7928
2022-08-17,0.8937,174.87,0.8631
2022-08-18,0.8812,177.14,0.8684
2022-08-19,0.8934,172.0,0.8632
2022-08-20,0.8865,165.87,0.8586
2022-08-21,0.8838,167.41,0.8564
2022-08-22,0.8785,168.8,0.8472
2022-08-23,0.8869,171.95,0.8727
2022-08-24,0.8874,172.42,0.8734
2022-08-25,0.8864,174.84,0.874
2022-08-26,0.8953,165.68,0.8823
2022-08-27,0.8945,165.66,0.8853
2022-08-28,0.8975,162.35,0.8879
2022-08-29,0.8989,170.33,0.8912
2022-08-30,0.9011,171.36,0.8924
2022-08-31,0.9011,172.51,0.8928
2022-09-01,0.9009,175.44,0.8928
2022-09-02,0.8987,175.83,0.8889
2022-09-03,0.8994,174.76,0.8921
2022-09-04,0.8988,175.73,0.8912
2022-09-05,0.9026,181.71,0.8943
2022-09-06,0.9015,184.57,0.8923
2022-09-07,0.9023,188.1,0.893
2022-09-08,0.9008,188.34,0.891
2022-09-09,0.8535,178.99,0.8377
2022-09-10,0.8508,182.39,0.8386
2022-09-11,0.8452,180.17,0.833
2022-09-12,0.8291,170.55,0.8362
2022-09-13,0.8324,173.39,0.8508
2022-09-14,0.839,179.8,0.851
2022-09-15,0.8323,166.3,0.8514
2022-09-16,0.8095,161.28,0.8296
2022-09-17,0.8353,162.56,0.83
2022-09-18,0.8351,153.08,0.8409
2022-09-19,0.8392,156.91,0.8385
2022-09-20,0.8404,156.07,0.842
2022-09-21,0.8408,150.35,0.8421
2022-09-22,0.8465,152.25,0.8465
2022-09-23,0.8383,153.23,0.831
2022-09-24,0.8375,154.94,0.8301
2022-09-25,0.8153,153.24,0.8065
2022-09-26,0.8115,154.65,0.8017
2022-09-27,0.8115,154.95,0.8008
2022-09-28,0.8108,153.26,0.8125
2022-09-29,0.8104,151.92,0.8126
2022-09-30,0.8132,152.14,0.813
2022-10-01,0.8145,151.2,0.8145
2022-10-02,0.8149,149.17,0.8168
2022-10-03,0.8179,150.14,0.8202
2022-10-04,0.8182,149.11,0.8194
2022-10-05,0.8176,149.39,0.8188
2022-10-06,0.8169,150.8,0.8185
2022-10-07,0.8132,151.76,0.8145
2022-10-08,0.811,150.83,0.8123
2022-10-09,0.8096,151.41,0.807
2022-10-10,0.8111,150.19,0.8079
2022-10-11,0.8096,149.52,0.8051
2022-10-12,0.8104,150.48,0.8078
2022-10-13,0.8098,147.95,0.8052
2022-10-14,0.8074,150.55,0.806
2022-10-15,0.807,148.85,0.8057
2022-10-16,0.8067,150.93,0.8082
2022-10-17,0.8091,151.64,0.8097
2022-10-18,0.7692,150.89,0.7886
2022-10-19,0.7788,149.55,0.7932
2022-10-20,0.7766,149.93,0.7895
2022-10-21,0.7776,150.94,0.7908
2022-10-22,0.7782,152.33,0.7905
2022-10-23,0.7805,155.12,0.7921
2022-10-24,0.7805,154.78,0.7914
2022-10-25,0.7645,161.92,0.7759
2022-10-26,0.7703,167.91,0.7714
2022-10-27,0.7707,166.19,0.7697
2022-10-28,0.7679,168.14,0.7614
2022-10-29,0.7646,173.2,0.7583
2022-10-30,0.7643,171.62,0.7583
2022-10-31,0.7658,170.83,0.7587
2022-11-01,0.7655,171.67,0.7577
2022-11-02,0.7665,167.82,0.7585
2022-11-03,0.7661,168.71,0.7598
2022-11-04,0.7872,173.18,0.774
2022-11-05,0.7846,170.29,0.745
2022-11-06,0.7838,167.26,0.7241
2022-11-07,0.7816,169.49,0.7186
2022-11-08,0.8631,160.03,0.838
2022-11-09,0.8953,154.23,0.8899
2022-11-10,0.9153,164.49,0.9104
2022-11-11,0.9267,168.23,0.9101
2022-11-12,0.9339,166.35,0.9168
2022-11-13,0.938,166.33,0.9183
2022-11-14,0.9483,166.33,0.9199
2022-11-15,0.9513,165.04,0.921
2022-11-16,0.9507,162.34,0.919
2022-11-17,0.9542,160.2,0.9157
2022-11-18,0.9554,161.63,0.9167
2022-11-19,0.9551,162.31,0.9188
2022-11-20,0.9558,156.11,0.9198
2022-11-21,0.9544,156.29,0.9198
2022-11-22,0.9541,156.1,0.925
2022-11-23,0.9558,158.58,0.9202
2022-11-24,0.9552,161.42,0.9197
2022-11-25,0.9548,161.55,0.9187
2022-11-26,0.9546,163.06,0.9184
2022-11-27,0.9559,161.79,0.9188
2022-11-28,0.9568,160.62,0.9188
2022-11-29,0.9562,164.74,0.9175
2022-11-30,0.9576,168.01,0.9158
2022-12-01,0.9579,167.46,0.9169
2022-12-02,0.9579,168.61,0.9186
2022-12-03,0.9579,163.7,0.9212
2022-12-04,0.9579,166.38,0.9223
2022-12-05,0.9583,165.2,0.9208
2022-12-06,0.9588,165.66,0.9232
2022-12-07,0.9586,162.85,0.9235
2022-12-08,0.959,165.49,0.9219
2022-12-09,0.9587,164.28,0.922
2022-12-10,0.9588,164.59,0.9223
2022-12-11,0.9587,164.5,0.9222
2022-12-12,0.9611,164.91,0.9242
2022-12-13,0.9619,165.33,0.9231
2022-12-14,0.9616,163.61,0.9226
2022-12-15,0.9619,162.35,0.9179
2022-12-16,0.9621,156.23,0.9197
2022-12-17,0.9622,157.49,0.9198
2022-12-18,0.9622,157.38,0.9197
2022-12-19,0.9618,158.11,0.9198
2022-12-20,0.9623,160.35,0.9187
2022-12-21,0.9624,160.65,0.9186
2022-12-22,0.9622,161.13,0.9174
2022-12-23,0.9622,161.72,0.9172
2022-12-24,0.963,161.36,0.9139
2022-12-25,0.9633,161.13,0.9192
2022-12-26,0.963,161.44,0.9212
2022-12-27,0.9628,161.51,0.9206
2022-12-28,0.9647,160.05,0.9124
2022-12-29,0.9648,160.74,0.9134
2022-12-30,0.9648,160.8,0.9122
2022-12-31,0.9649,161.01,0.9115
2023-01-01,0.9656,160.82,0.9114
2023-01-02,0.9655,162.03,0.8958
2023-01-03,0.964,162.13,0.8596
2023-01-04,0.9649,165.88,0.8632
2023-01-05,0.9652,165.34,0.8656
2023-01-06,0.9666,166.7,0.8671
2023-01-07,0.9594,166.0,0.8621
2023-01-08,0.949,167.69,0.7515
2023-01-09,0.9047,171.08,0.6112
2023-01-10,0.9225,170.55,0.5885
2023-01-11,0.924,172.28,0.5692
2023-01-12,0.8846,167.29,0.5103
2023-01-13,0.8536,162.31,0.5395
2023-01-14,0.8708,164.58,0.6122
2023-01-15,0.8687,165.52,0.6152
2023-01-16,0.8706,165.82,0.6174
2023-01-17,0.8718,164.94,0.6177
2023-01-18,0.8763,163.08,0.6308
2023-01-19,0.8774,163.91,0.625
2023-01-20,0.8819,162.94,0.6731
2023-01-21,0.875,159.03,0.6699
2023-01-22,0.8729,159.55,0.6648
2023-01-23,0.8762,158.05,0.6652
2023-01-24,0.8729,153.09,0.6687
2023-01-25,0.8755,155.21,0.6734
2023-01-26,0.8757,154.95,0.6737
2023-01-27,0.8737,154.16,0.6691
2023-01-28,0.8783,151.99,0.6726
2023-01-29,0.874,154.14,0.6836
2023-01-30,0.8816,152.77,0.6911
2023-01-31,0.8824,152.64,0.689
2023-02-01,0.8875,154.06,0.6874
2023-02-02,0.8866,155.86,0.6891
2023-02-03,0.8823,158.05,0.6904
2023-02-04,0.8815,159.06,0.6915
2023-02-05,0.8825,158.24,0.6894
2023-02-06,0.8827,158.09,0.6956
2023-02-07,0.8832,160.0,0.6971
2023-02-08,0.8841,160.2,0.6987
2023-02-09,0.8959,157.78,0.7165
2023-02-10,0.8959,155.76,0.7178
2023-02-11,0.893,156.75,0.7214
2023-02-12,0.8933,154.8,0.7188
2023-02-13,0.8898,153.85,0.7242
2023-02-14,0.884,155.98,0.7072
2023-02-15,0.8931,153.29,0.6813
2023-02-16,0.8939,154.56,0.6884
2023-02-17,0.8945,153.59,0.6817
2023-02-18,0.8941,152.85,0.6832
2023-02-19,0.8937,153.87,0.6686
2023-02-20,0.8933,152.66,0.6702
2023-02-21,0.895,151.05,0.6741
2023-02-22,0.8954,151.23,0.6771
2023-02-23,0.8922,153.49,0.6775
2023-02-24,0.8945,154.35,0.6792
2023-02-25,0.8937,153.21,0.6783
2023-02-26,0.8923,155.04,0.6804
2023-02-27,0.8928,154.67,0.6816
2023-02-28,0.894,154.45,0.686
2023-03-01,0.8933,156.6,0.6854
2023-03-02,0.8938,156.22,0.6869
2023-03-03,0.9011,156.21,0.6961
2023-03-04,0.9011,156.05,0.7422
2023-03-05,0.9061,155.24,0.7427
2023-03-06,0.9059,155.57,0.7427
2023-03-07,0.9063,156.49,0.7436
2023-03-08,0.907,157.25,0.7497
2023-03-09,0.9162,157.28,0.7523
2023-03-10,0.9203,157.61,0.7635
2023-03-11,0.9191,159.97,0.7619
2023-03-12,0.9262,159.73,0.7762
2023-03-13,0.928,154.59,0.734
2023-03-14,0.9346,153.25,0.7239
2023-03-15,0.9318,151.26,0.7692
2023-03-16,0.9309,149.04,0.7724
2023-03-17,0.9334,145.51,0.7827
2023-03-18,0.9339,145.44,0.7837
2023-03-19,0.9295,141.77,0.7833
2023-03-20,0.9281,139.13,0.7794
2023-03-21,0.9151,142.76,0.7616
2023-03-22,0.921,141.67,0.7699
2023-03-23,0.9224,142.72,0.7719
2023-03-24,0.9244,141.87,0.7768
2023-03-25,0.9305,141.19,0.7782
2023-03-26,0.9321,141.21,0.7836
2023-03-27,0.9335,140.72,0.7874
2023-03-28,0.9263,144.73,0.7855
2023-03-29,0.9224,140.81,0.7869
2023-03-30,0.9219,142.37,0.7887
2023-03-31,0.9198,142.43,0.7815
2023-04-01,0.9197,142.13,0.782
2023-04-02,0.9201,141.76,0.7806
2023-04-03,0.9166,145.02,0.7781
2023-04-04,0.915,147.87,0.7807
2023-04-05,0.9116,150.83,0.7802
2023-04-06,0.9098,148.68,0.7788
2023-04-07,0.9096,148.73,0.7785
2023-04-08,0.9099,147.32,0.7775
2023-04-09,0.9092,146.1,0.7766
2023-04-10,0.9051,143.49,0.7654
2023-04-11,0.8987,139.32,0.7459
2023-04-12,0.8956,141.87,0.7377
2023-04-13,0.8816,147.39,0.7442
2023-04-14,0.8663,153.47,0.7455
2023-04-15,0.8676,153.65,0.7466
2023-04-16,0.8503,155.68,0.7085
2023-04-17,0.8504,156.98,0.7048
2023-04-18,0.8451,154.13,0.6976
2023-04-19,0.8524,149.56,0.7178
2023-04-20,0.8476,153.15,0.7455
2023-04-21,0.8516,150.99,0.7497
2023-04-22,0.8511,149.99,0.7499
2023-04-23,0.8509,150.24,0.7497
2023-04-24,0.8526,149.04,0.7494
2023-04-25,0.849,146.81,0.7477
2023-04-26,0.8491,146.2,0.745
2023-04-27,0.85,144.17,0.75
2023-04-28,0.8501,143.6,0.7372
2023-04-29,0.8474,145.3,0.7351
2023-04-30,0.8457,142.76,0.7332
2023-05-01,0.8463,145.18,0.7366
2023-05-02,0.8394,145.21,0.7386
2023-05-03,0.8391,146.18,0.7383
2023-05-04,0.8393,144.91,0.7388
2023-05-05,0.8303,150.38,0.7406
2023-05-06,0.8301,146.35,0.7431
2023-05-07,0.8296,146.54,0.7445
2023-05-08,0.8142,148.64,0.7378
2023-05-09,0.8138,148.79,0.7602
2023-05-10,0.8139,148.49,0.7616
2023-05-11,0.7971,148.12,0.7353
2023-05-12,0.7852,150.16,0.7918
2023-05-13,0.7847,149.29,0.7903
2023-05-14,0.7829,148.84,0.8001
2023-05-15,0.7846,148.8,0.799
2023-05-16,0.7582,150.2,0.7705
2023-05-17,0.7525,148.03,0.7702
2023-05-18,0.7614,149.49,0.7723
2023-05-19,0.7625,150.06,0.7777
2023-05-20,0.7624,149.39,0.7741
2023-05-21,0.753,150.16,0.7673
2023-05-22,0.7374,150.69,0.7632
2023-05-23,0.7294,151.63,0.7547
2023-05-24,0.7389,152.17,0.7632
2023-05-25,0.7358,151.85,0.7599
2023-05-26,0.7261,152.36,0.7493
2023-05-27,0.7326,151.72,0.7401
2023-05-28,0.7626,151.47,0.7242
2023-05-29,0.7652,151.89,0.7229
2023-05-30,0.7628,152.77,0.7116
2023-05-31,0.7648,153.28,0.7142
2023-06-01,0.764,154.57,0.7151
2023-06-02,0.7751,155.82,0.7205
2023-06-03,0.7748,155.6,0.7183
2023-06-04,0.7792,155.19,0.7144
2023-06-05,0.7944,156.58,0.7427
2023-06-06,0.8028,154.02,0.716
2023-06-07,0.8092,154.84,0.7298
2023-06-08,0.8104,155.06,0.7296
2023-06-09,0.8094,154.71,0.7023
2023-06-10,0.8247,150.91,0.7072
2023-06-11,0.828,150.48,0.7186
2023-06-12,0.8416,149.76,0.7154
2023-06-13,0.8628,149.37,0.7149
2023-06-14,0.865,146.25,0.7189
2023-06-15,0.8673,144.97,0.7374
2023-06-16,0.8718,145.16,0.7437
2023-06-17,0.8757,145.04,0.7472
2023-06-18,0.8648,145.44,0.7224
2023-06-19,0.8751,144.07,0.7267
2023-06-20,0.8683,140.84,0.7208
2023-06-21,0.8821,140.2,0.7184
2023-06-22,0.8819,139.39,0.716
2023-06-23,0.8803,137.28,0.7211
2023-06-24,0.8821,136.72,0.7171
2023-06-25,0.878,138.81,0.7175
2023-06-26,0.8754,136.75,0.7038
2023-06-27,0.8761,137.09,0.7259
2023-06-28,0.8796,135.26,0.73
2023-06-29,0.8841,135.44,0.6838
2023-06-30,0.8584,141.21,0.6685
2023-07-01,0.8555,140.06,0.6674
2023-07-02,0.8546,140.86,0.6615
2023-07-03,0.8545,139.72,0.654
2023-07-04,0.87,140.08,0.6445
2023-07-05,0.8759,139.39,0.6385
2023-07-06,0.8757,137.6,0.6112
2023-07-07,0.8786,137.25,0.594
2023-07-08,0.8787,137.1,0.592
2023-07-09,0.8784,137.46,0.5939
2023-07-10,0.8756,137.65,0.586
2023-07-11,0.879,136.56,0.5959
2023-07-12,0.8788,137.13,0.5959
2023-07-13,0.8697,141.92,0.606
2023-07-14,0.8749,142.33,0.5739
2023-07-15,0.8766,141.93,0.5706
2023-07-16,0.8798,141.58,0.57
2023-07-17,0.8809,141.17,0.564
2023-07-18,0.8814,141.49,0.5669
2023-07-19,0.8811,140.58,0.5669
2023-07-20,0.8806,141.3,0.5623
2023-07-21,0.8808,140.83,0.5627
2023-07-22,0.8799,139.45,0.5611
2023-07-23,0.8766,139.8,0.5508
2023-07-24,0.877,141.16,0.5659
2023-07-25,0.8767,141.5,0.5662
2023-07-26,0.8766,141.98,0.5591
2023-07-27,0.8682,141.78,0.5709
2023-07-28,0.8677,142.35,0.5689
2023-07-29,0.8684,142.65,0.5719
2023-07-30,0.8673,141.57,0.5686
2023-07-31,0.8687,141.37,0.5669
2023-08-01,0.8679,140.42,0.5628
2023-08-02,0.8691,140.44,0.5682
2023-08-03,0.8691,140.01,0.5689
2023-08-04,0.8613,139.95,0.5366
2023-08-05,0.8558,140.66,0.5663
2023-08-06,0.8521,140.09,0.5347
2023-08-07,0.8516,139.38,0.5332
2023-08-08,0.853,138.8,0.5531
2023-08-09,0.848,139.64,0.5262
2023-08-10,0.8478,140.0,0.5263
2023-08-11,0.8478,139.88,0.5266
2023-08-12,0.8478,139.93,0.5267
2023-08-13,0.8378,139.83,0.5149
2023-08-14,0.8389,139.6,0.5147
2023-08-15,0.8323,139.43,0.5147
2023-08-16,0.8332,140.05,0.5251
2023-08-17,0.8683,140.67,0.5294
2023-08-18,0.869,141.95,0.526
2023-08-19,0.8743,142.42,0.5358
2023-08-20,0.8523,143.22,0.5553
2023-08-21,0.8515,142.08,0.5557
2023-08-22,0.853,139.73,0.5526
2023-08-23,0.8568,141.44,0.5645
2023-08-24,0.8621,141.25,0.5678
2023-08-25,0.8658,141.27,0.5669
2023-08-26,0.8631,140.92,0.5655
2023-08-27,0.8609,141.43,0.5582
2023-08-28,0.8584,140.91,0.5517
2023-08-29,0.908,138.88,0.5643
2023-08-30,0.9106,139.06,0.5738
2023-08-31,0.9117,141.28,0.5922
2023-09-01,0.9118,140.51,0.6046
2023-09-02,0.9117,140.88,0.6051
2023-09-03,0.9115,140.25,0.6044
2023-09-04,0.9126,140.55,0.63
2023-09-05,0.9115,141.07,0.6206
2023-09-06,0.9116,141.1,0.6166
2023-09-07,0.9104,139.78,0.6167
2023-09-08,0.9093,140.6,0.6199
2023-09-09,0.911,140.57,0.617
2023-09-10,0.9093,139.34,0.6048
2023-09-11,0.9335,137.28,0.573
2023-09-12,0.9328,137.23,0.633
2023-09-13,0.9335,136.48,0.6439
2023-09-14,0.9344,136.47,0.6486
2023-09-15,0.9331,137.35,0.649
2023-09-16,0.9329,137.02,0.6505
2023-09-17,0.933,136.16,0.6534
2023-09-18,0.9343,136.24,0.6575
2023-09-19,0.931,134.46,0.661
2023-09-20,0.931,133.16,0.6629
2023-09-21,0.9321,132.76,0.6693
2023-09-22,0.9308,133.45,0.6528
2023-09-23,0.9311,133.5,0.6533
2023-09-24,0.9313,134.03,0.6834
2023-09-25,0.9308,134.45,0.6839
2023-09-26,0.9298,135.3,0.6848
2023-09-27,0.9301,134.95,0.6861
2023-09-28,0.9314,136.18,0.7056
2023-09-29,0.9259,137.98,0.7033
2023-09-30,0.9262,137.96,0.6866
2023-10-01,0.9311,137.93,0.7094
2023-10-02,0.9186,134.53,0.7159
2023-10-03,0.9186,134.46,0.7158
2023-10-04,0.9116,131.96,0.703
2023-10-05,0.9117,130.85,0.7079
2023-10-06,0.9139,131.11,0.7146
2023-10-07,0.9114,130.1,0.7065
2023-10-08,0.9126,130.18,0.7087
2023-10-09,0.9065,127.5,0.7112
2023-10-10,0.9066,127.42,0.7104
2023-10-11,0.8979,129.75,0.7067
2023-10-12,0.8953,128.1,0.7054
2023-10-13,0.8948,128.63,0.7077
2023-10-14,0.8944,128.9,0.7124
2023-10-15,0.8933,127.71,0.7048
2023-10-16,0.8623,124.94,0.7525
2023-10-17,0.8572,122.64,0.7534
2023-10-18,0.8575,122.89,0.756
2023-10-19,0.8573,121.5,0.7542
2023-10-20,0.8626,120.35,0.7714
2023-10-21,0.8646,121.24,0.7515
2023-10-22,0.8566,123.46,0.748
2023-10-23,0.8726,118.78,0.753
2023-10-24,0.872,117.18,0.7064
2023-10-25,0.8693,115.33,0.7028
2023-10-26,0.8608,117.58,0.7014
2023-10-27,0.8613,116.86,0.7029
2023-10-28,0.8445,116.02,0.6953
2023-10-29,0.843,115.73,0.6908
2023-10-30,0.8271,116.79,0.6536
2023-10-31,0.8262,116.65,0.6218
2023-11-01,0.8292,116.04,0.628
2023-11-02,0.8316,114.73,0.6347
2023-11-03,0.8148,117.48,0.6358
2023-11-04,0.8151,117.88,0.6372
2023-11-05,0.8027,120.31,0.6379
2023-11-06,0.8019,120.71,0.6389
2023-11-07,0.7962,118.59,0.6357
2023-11-08,0.796,117.96,0.6344
2023-11-09,0.6965,128.66,0.6471
2023-11-10,0.6607,123.99,0.5528
2023-11-11,0.6575,123.05,0.5646
2023-11-12,0.658,122.87,0.566
2023-11-13,0.6502,125.35,0.578
2023-11-14,0.6678,123.98,0.5144
2023-11-15,0.6815,121.09,0.5691
2023-11-16,0.7067,120.74,0.609
2023-11-17,0.7053,119.31,0.6074
2023-11-18,0.7068,119.46,0.6095
2023-11-19,0.7092,119.88,0.6118
2023-11-20,0.7023,120.13,0.593
2023-11-21,0.722,120.41,0.616
2023-11-22,0.738,122.78,0.6312
2023-11-23,0.737,123.12,0.6314
2023-11-24,0.7374,122.83,0.6295
2023-11-25,0.7381,122.77,0.6269
2023-11-26,0.7396,122.56,0.6297
2023-11-27,0.7372,121.15,0.6306
2023-11-28,0.7404,120.6,0.6328
2023-11-29,0.7405,119.37,0.636
2023-11-30,0.7288,121.16,0.623
2023-12-01,0.7259,120.1,0.6137
2023-12-02,0.7263,122.13,0.6167
2023-12-03,0.7304,122.16,0.618
2023-12-04,0.7228,118.96,0.572
2023-12-05,0.7188,115.85,0.5419
2023-12-06,0.7199,113.57,0.5397
2023-12-07,0.6709,121.23,0.5131
2023-12-08,0.6622,118.89,0.508
2023-12-09,0.6623,119.2,0.5122
2023-12-10,0.6642,119.62,0.5089
2023-12-11,0.6947,120.08,0.5256
2023-12-12,0.6938,118.27,0.5246
2023-12-13,0.6971,117.34,0.5221
2023-12-14,0.6929,119.87,0.5188
2023-12-15,0.7021,117.83,0.5147
2023-12-16,0.7019,117.37,0.5135
2023-12-17,0.7045,118.21,0.5192
2023-12-18,0.7023,115.81,0.5205
2023-12-19,0.7021,114.7,0.5144
2023-12-20,0.6994,112.3,0.5307
2023-12-21,0.7013,113.65,0.5127
2023-12-22,0.6715,117.72,0.5083
2023-12-23,0.6743,117.52,0.519
2023-12-24,0.6818,117.26,0.5052
2023-12-25,0.6848,116.0,0.5073
2023-12-26,0.6872,116.83,0.5197
2023-12-27,0.6856,121.9,0.498
2023-12-28,0.688,122.6,0.506
2023-12-29,0.6918,121.66,0.5043
2023-12-30,0.6918,121.04,0.5075
2023-12-31,0.6904,120.17,0.5011
2024-01-01,0.6906,118.57,0.5071
2024-01-02,0.6932,116.66,0.4949
2024-01-03,0.7165,114.86,0.5174
2024-01-04,0.7235,114.34,0.5232
2024-01-05,0.7237,114.36,0.5223
2024-01-06,0.7272,113.44,0.5223
2024-01-07,0.7275,112.61,0.5218
2024-01-08,0.7868,110.58,0.5338
2024-01-09,0.7935,113.14,0.5597
2024-01-10,0.7297,123.28,0.5593
2024-01-11,0.7256,125.77,0.5604
2024-01-12,0.7314,131.15,0.578
2024-01-13,0.7219,133.89,0.6156
2024-01-14,0.7213,131.68,0.5783
2024-01-15,0.7064,131.51,0.5464
2024-01-16,0.7093,133.49,0.5485
2024-01-17,0.7102,131.69,0.5404
2024-01-18,0.713,133.1,0.5531
2024-01-19,0.7132,133.17,0.5628
2024-01-20,0.6985,131.95,0.54
2024-01-21,0.6806,131.49,0.516
2024-01-22,0.7029,130.21,0.541
2024-01-23,0.6895,125.19,0.5418
2024-01-24,0.6886,124.07,0.5419
2024-01-25,0.6881,123.63,0.5407
2024-01-26,0.6877,120.7,0.5513
2024-01-27,0.6867,119.87,0.5488
2024-01-28,0.6875,119.54,0.5484
2024-01-29,0.6938,119.16,0.555
2024-01-30,0.6889,121.51,0.5594
2024-01-31,0.686,119.33,0.5558
2024-02-01,0.6856,119.07,0.5594
2024-02-02,0.6859,118.98,0.5981
2024-02-03,0.687,118.89,0.6303
2024-02-04,0.6879,119.69,0.6325
2024-02-05,0.7267,119.97,0.659
2024-02-06,0.7297,122.57,0.6561
2024-02-07,0.7321,121.75,0.6585
2024-02-08,0.7262,118.92,0.6585
2024-02-09,0.7085,117.46,0.6488
2024-02-10,0.7102,116.56,0.6529
2024-02-11,0.7048,115.59,0.6489
2024-02-12,0.7186,118.45,0.6588
2024-02-13,0.7109,118.25,0.6518
2024-02-14,0.7241,119.32,0.6518
2024-02-15,0.7202,121.06,0.6448
2024-02-16,0.7233,119.66,0.6371
2024-02-17,0.7227,120.08,0.6369
2024-02-18,0.7249,122.97,0.6263
2024-02-19,0.7178,126.56,0.6705
2024-02-20,0.7268,128.31,0.6691
2024-02-21,0.7274,127.56,0.7138
2024-02-22,0.7236,128.92,0.7417
2024-02-23,0.7273,128.21,0.7511
2024-02-24,0.7254,129.18,0.745
2024-02-25,0.7195,133.95,0.7748
2024-02-26,0.709,129.8,0.7805
2024-02-27,0.7023,126.53,0.77
2024-02-28,0.7,120.59,0.7899
2024-02-29,0.7032,121.57,0.7446
2024-03-01,0.7002,122.47,0.7357
2024-03-02,0.7039,122.82,0.7454
2024-03-03,0.6801,123.03,0.7268
2024-03-04,0.6812,118.28,0.6944
2024-03-05,0.683,124.04,0.7133
2024-03-06,0.6836,128.62,0.7252
2024-03-07,0.6835,128.88,0.7037
2024-03-08,0.6661,126.86,0.6777
2024-03-09,0.6685,127.25,0.686
2024-03-10,0.735,125.19,0.6862
2024-03-11,0.7479,125.52,0.6858
2024-03-12,0.7359,123.96,0.6417
2024-03-13,0.7394,122.04,0.6459
2024-03-14,0.7391,121.08,0.58
2024-03-15,0.7484,119.81,0.5561
2024-03-16,0.7745,120.07,0.5457
2024-03-17,0.7785,118.57,0.5793
2024-03-18,0.7725,115.94,0.5623
2024-03-19,0.8109,113.54,0.6369
2024-03-20,0.8369,115.17,0.6784
2024-03-21,0.8314,118.74,0.6892
2024-03-22,0.8245,116.36,0.6754
2024-03-23,0.8339,115.95,0.6751
2024-03-24,0.8362,114.39,0.688
2024-03-25,0.8382,114.27,0.687
2024-03-26,0.8407,114.11,0.6802
2024-03-27,0.8405,112.19,0.6821
2024-03-28,0.8404,112.07,0.6837
2024-03-29,0.8406,111.86,0.6784
2024-03-30,0.8438,112.13,0.6772
2024-03-31,0.8435,113.84,0.6781
2024-04-01,0.8456,111.95,0.6844
2024-04-02,0.8564,111.48,0.7013
2024-04-03,0.856,111.73,0.7008
2024-04-04,0.85,108.21,0.6875
2024-04-05,0.8501,108.92,0.687
2024-04-06,0.8534,108.38,0.6872
2024-04-07,0.8492,110.84,0.6851
2024-04-08,0.8473,114.85,0.681
2024-04-09,0.8507,112.86,0.6861
2024-04-10,0.8506,111.76,0.6845
2024-04-11,0.8515,111.38,0.6877
2024-04-12,0.8541,107.44,0.6946
2024-04-13,0.86,104.82,0.7095
2024-04-14,0.8572,106.91,0.7078
2024-04-15,0.8576,108.86,0.7165
2024-04-16,0.8576,107.62,0.7177
2024-04-17,0.8595,108.44,0.7197
2024-04-18,0.8635,107.47,0.7244
2024-04-19,0.8688,106.68,0.7241
2024-04-20,0.8693,108.16,0.7277
2024-04-21,0.8691,107.91,0.7271
2024-04-22,0.8701,106.64,0.7289
2024-04-23,0.8683,107.94,0.7284
2024-04-24,0.8693,108.75,0.7326
2024-04-25,0.8774,108.98,0.7317
2024-04-26,0.8809,109.3,0.726
2024-04-27,0.8714,114.16,0.7423
2024-04-28,0.8821,115.09,0.7301
2024-04-29,0.8785,112.13,0.7533
2024-04-30,0.8826,110.59,0.7613
2024-05-01,0.8786,113.49,0.7243
2024-05-02,0.8777,112.52,0.7263
2024-05-03,0.8842,109.86,0.7474
2024-05-04,0.8981,108.63,0.7426
2024-05-05,0.9008,109.08,0.7401
2024-05-06,0.9008,107.95,0.7391
2024-05-07,0.9022,107.38,0.741
2024-05-08,0.9016,108.19,0.7428
2024-05-09,0.9033,107.2,0.7481
2024-05-10,0.9017,106.56,0.7536
2024-05-11,0.902,106.62,0.755
2024-05-12,0.9033,106.1,0.7517
2024-05-13,0.9012,104.38,0.7883
2024-05-14,0.9006,104.2,0.808
2024-05-15,0.8982,102.03,0.8431
2024-05-16,0.8972,100.51,0.8358
2024-05-17,0.898,102.73,0.837
2024-05-18,0.8834,103.86,0.8149
2024-05-19,0.8598,103.18,0.7884
2024-05-20,0.8488,114.16,0.7994
2024-05-21,0.829,120.28,0.7998
2024-05-22,0.8297,120.36,0.7999
2024-05-23,0.8252,123.78,0.7919
2024-05-24,0.8191,121.08,0.7801
2024-05-25,0.8188,120.5,0.78
2024-05-26,0.8137,124.31,0.7803
2024-05-27,0.8138,124.86,0.7799
2024-05-28,0.8138,125.18,0.7832
2024-05-29,0.8142,123.97,0.7837
2024-05-30,0.8092,122.01,0.7788
2024-05-31,0.8053,124.03,0.7757
2024-06-01,0.7932,125.38,0.7706
2024-06-02,0.7925,124.23,0.7697
2024-06-03,0.7999,121.86,0.7855
2024-06-04,0.7977,120.27,0.7907
2024-06-05,0.7983,121.02,0.7898
2024-06-06,0.7993,119.92,0.7897
2024-06-07,0.7966,118.1,0.7988
2024-06-08,0.7902,118.24,0.7927
2024-06-09,0.7914,118.45,0.7944
2024-06-10,0.7907,117.43,0.7938
2024-06-11,0.7865,115.67,0.7911
2024-06-12,0.7712,116.12,0.7761
2024-06-13,0.7682,115.69,0.7756
2024-06-14,0.7679,117.37,0.7678
2024-06-15,0.7675,119.92,0.7704
2024-06-16,0.763,120.95,0.7666
2024-06-17,0.7584,117.57,0.7481
2024-06-18,0.7582,119.06,0.7518
2024-06-19,0.7522,121.98,0.7509
2024-06-20,0.7515,120.57,0.7512
2024-06-21,0.752,122.12,0.7397
2024-06-22,0.752,121.09,0.7389
2024-06-23,0.7516,120.46,0.735
2024-06-24,0.7465,123.73,0.6868
2024-06-25,0.7443,122.29,0.691
2024-06-26,0.7562,123.35,0.6911
2024-06-27,0.7581,124.49,0.6792
2024-06-28,0.767,124.51,0.6847
2024-06-29,0.7488,123.33,0.661
2024-06-30,0.753,121.93,0.7408
2024-07-01,0.7541,121.86,0.7394
2024-07-02,0.7592,122.61,0.7213
2024-07-03,0.7679,121.83,0.7302
2024-07-04,0.7869,119.35,0.753
2024-07-05,0.7843,117.14,0.7593
2024-07-06,0.786,117.2,0.7658
2024-07-07,0.7935,116.77,0.7758
2024-07-08,0.7965,118.51,0.7688
2024-07-09,0.7894,117.59,0.7625
2024-07-10,0.7875,119.6,0.7622
2024-07-11,0.788,120.36,0.7644
2024-07-12,0.793,120.51,0.7643
2024-07-13,0.7891,119.41,0.7602
2024-07-14,0.795,118.81,0.7286
2024-07-15,0.8097,119.75,0.7523
2024-07-16,0.8013,117.76,0.7448
2024-07-17,0.8029,117.66,0.7484
2024-07-18,0.8013,119.23,0.7452
2024-07-19,0.773,116.99,0.7304
2024-07-20,0.815,116.65,0.727
2024-07-21,0.8129,115.52,0.7293
2024-07-22,0.8243,113.33,0.7322
2024-07-23,0.8083,117.58,0.7538
2024-07-24,0.7976,113.62,0.7468
2024-07-25,0.7766,107.44,0.7356
2024-07-26,0.7832,107.39,0.7439
2024-07-27,0.7824,106.61,0.7446
2024-07-28,0.7817,106.7,0.7449
2024-07-29,0.7633,110.63,0.7475
2024-07-30,0.7689,110.26,0.7486
2024-07-31,0.7699,111.32,0.7533
2024-08-01,0.7654,109.05,0.745
2024-08-02,0.795,108.24,0.7667
2024-08-03,0.7946,106.52,0.7589
2024-08-04,0.8043,102.9,0.7568
2024-08-05,0.8316,99.67,0.756
2024-08-06,0.8289,97.68,0.7667
2024-08-07,0.8264,94.53,0.7669
2024-08-08,0.8778,96.8,0.787
2024-08-09,0.8777,95.06,0.7881
2024-08-10,0.8753,95.34,0.7826
2024-08-11,0.8724,96.8,0.7871
2024-08-12,0.8565,102.19,0.7861
2024-08-13,0.853,99.31,0.7822
2024-08-14,0.853,100.93,0.7815
2024-08-15,0.854,99.4,0.7815
2024-08-16,0.8565,98.02,0.7756
2024-08-17,0.8586,97.86,0.7744
2024-08-18,0.86,99.48,0.7724
2024-08-19,0.8604,98.69,0.7726
2024-08-20,0.8619,97.07,0.7743
2024-08-21,0.8624,95.76,0.763
2024-08-22,0.8605,96.71,0.7606
2024-08-23,0.8724,96.02,0.7972
2024-08-24,0.8724,96.06,0.79
2024-08-25,0.8735,95.13,0.7907
2024-08-26,0.8742,94.93,0.802
2024-08-27,0.8805,91.99,0.8096
2024-08-28,0.8715,95.36,0.8103
2024-08-29,0.8713,94.79,0.803
2024-08-30,0.871,95.11,0.803
2024-08-31,0.8717,94.89,0.8174
2024-09-01,0.8715,94.29,0.8196
2024-09-02,0.867,95.59,0.8127
2024-09-03,0.8698,93.83,0.829
2024-09-04,0.8683,94.05,0.8241
2024-09-05,0.8668,93.86,0.8194
2024-09-06,0.8708,91.77,0.8233
2024-09-07,0.8684,93.51,0.823
2024-09-08,0.8711,93.26,0.824
2024-09-09,0.8723,92.08,0.8296
2024-09-10,0.8724,92.28,0.8294
2024-09-11,0.8719,90.84,0.8287
2024-09-12,0.8712,90.45,0.8271
2024-09-13,0.8631,89.74,0.8116
2024-09-14,0.864,89.73,0.8118
2024-09-15,0.863,87.3,0.8106
2024-09-16,0.8639,87.81,0.811
2024-09-17,0.8644,86.44,0.7949
2024-09-18,0.8645,85.57,0.7969
2024-09-19,0.8649,87.18,0.7994
2024-09-20,0.8589,90.22,0.7984
2024-09-21,0.8683,91.86,0.7953
2024-09-22,0.8703,90.34,0.7985
2024-09-23,0.8789,93.1,0.805
2024-09-24,0.8761,91.9,0.7983
2024-09-25,0.8769,90.94,0.7999
2024-09-26,0.8766,89.9,0.8041
2024-09-27,0.8863,91.22,0.8054
2024-09-28,0.886,90.47,0.8049
2024-09-29,0.8874,90.2,0.8011
2024-09-30,0.8873,91.51,0.8106
2024-10-01,0.885,89.61,0.8015
2024-10-02,0.8815,86.84,0.8055
2024-10-03,0.8773,86.1,0.8002
2024-10-04,0.8634,86.61,0.7949
2024-10-05,0.8666,86.61,0.7989
2024-10-06,0.8682,86.47,0.8036
2024-10-07,0.8071,86.63,0.7482
2024-10-08,0.8052,87.42,0.7471
2024-10-09,0.8089,87.03,0.7521
2024-10-10,0.8086,88.05,0.7393
2024-10-11,0.8338,86.86,0.7498
2024-10-12,0.8438,87.25,0.7542
2024-10-13,0.8476,87.41,0.7527
2024-10-14,0.8575,88.61,0.7719
2024-10-15,0.8534,86.54,0.7838
2024-10-16,0.8529,85.97,0.782
2024-10-17,0.8575,86.02,0.7869
2024-10-18,0.8585,85.95,0.7878
2024-10-19,0.8584,86.25,0.7803
2024-10-20,0.8536,88.61,0.7952
2024-10-21,0.8583,88.09,0.7936
2024-10-22,0.8483,86.59,0.7768
2024-10-23,0.8465,84.08,0.7779
2024-10-24,0.844,82.78,0.7842
2024-10-25,0.8456,81.37,0.7868
2024-10-26,0.8228,82.37,0.7645
2024-10-27,0.8422,82.13,0.7644
2024-10-28,0.8443,81.69,0.7652
2024-10-29,0.8457,80.76,0.7466
2024-10-30,0.8422,81.78,0.7471
2024-10-31,0.8442,79.77,0.7449
2024-11-01,0.8369,80.48,0.7383
2024-11-02,0.8299,80.04,0.7262
2024-11-03,0.8305,79.55,0.7333
2024-11-04,0.8274,78.69,0.7295
2024-11-05,0.8103,77.76,0.7263
2024-11-06,0.8643,80.18,0.7864
2024-11-07,0.8322,84.92,0.7735
2024-11-08,0.832,86.15,0.7706
2024-11-09,0.8084,90.79,0.7714
2024-11-10,0.7964,88.28,0.7778
2024-11-11,0.7847,84.7,0.757
2024-11-12,0.7807,82.16,0.7591
2024-11-13,0.7609,78.46,0.7547
2024-11-14,0.7686,78.05,0.7564
2024-11-15,0.7614,75.86,0.7625
2024-11-16,0.7591,77.03,0.7763
2024-11-17,0.761,76.21,0.7115
2024-11-18,0.7522,78.87,0.713
2024-11-19,0.7432,75.01,0.7085
2024-11-20,0.7382,72.5,0.7012
2024-11-21,0.7443,75.96,0.7174
2024-11-22,0.7528,74.92,0.7169
2024-11-23,0.7433,77.33,0.7211
2024-11-24,0.7392,76.4,0.716
2024-11-25,0.6998,81.62,0.7327
2024-11-26,0.7035,80.51,0.7343
2024-11-27,0.7101,84.84,0.7402
2024-11-28,0.7099,83.32,0.742
2024-11-29,0.7063,82.08,0.7356
2024-11-30,0.676,85.53,0.7267
2024-12-01,0.6763,84.93,0.7267
2024-12-02,0.6795,84.63,0.7319
2024-12-03,0.6783,83.96,0.7242
2024-12-04,0.6813,86.58,0.7056
2024-12-05,0.6816,87.83,0.6918
2024-12-06,0.6862,89.25,0.6858
2024-12-07,0.6872,89.18,0.6849
2024-12-08,0.679,88.09,0.6759
2024-12-09,0.6983,84.97,0.6941
2024-12-10,0.7007,83.63,0.6907
2024-12-11,0.7094,84.34,0.701
2024-12-12,0.7043,86.41,0.7019
2024-12-13,0.6915,85.82,0.6868
2024-12-14,0.6957,84.95,0.6924
2024-12-15,0.6966,84.35,0.6925
2024-12-16,0.6957,83.72,0.6798
2024-12-17,0.6942,81.52,0.6749
2024-12-18,0.7167,80.53,0.7039
2024-12-19,0.7264,78.05,0.7157
2024-12-20,0.7211,79.08,0.7193
2024-12-21,0.7203,76.41,0.7139
2024-12-22,0.7196,76.72,0.7211
2024-12-23,0.7091,80.31,0.7012
2024-12-24,0.702,78.78,0.7
2024-12-25,0.7027,78.32,0.7043
2024-12-26,0.7122,77.42,0.7132
2024-12-27,0.7092,78.7,0.7169
2024-12-28,0.7079,79.49,0.7155
2024-12-29,0.7105,79.73,0.7174
2024-12-30,0.7014,80.65,0.7101
2024-12-31,0.7003,79.41,0.7081
2025-01-01,0.6997,79.07,0.7079
2025-01-02,0.7005,79.3,0.7075
2025-01-03,0.6954,81.8,0.7023
2025-01-04,0.6956,82.89,0.7013
2025-01-05,0.6404,82.29,0.6537
2025-01-06,0.6542,80.44,0.6642
2025-01-07,0.6817,77.67,0.6858
2025-01-08,0.698,77.91,0.6881
2025-01-09,0.7062,77.5,0.6855
2025-01-10,0.7058,76.81,0.6902
2025-01-11,0.7062,77.27,0.6905
2025-01-12,0.7262,76.95,0.6916
2025-01-13,0.7098,73.85,0.6887
2025-01-14,0.722,74.34,0.6838
2025-01-15,0.7386,76.43,0.7016
2025-01-16,0.7358,73.83,0.7503
2025-01-17,0.7489,74.04,0.7535
2025-01-18,0.7583,70.49,0.6362
2025-01-19,0.7715,70.67,0.6512
2025-01-20,0.7579,71.53,0.6226
2025-01-21,0.7527,69.79,0.626
2025-01-22,0.7645,69.59,0.6097
2025-01-23,0.7618,71.41,0.6091
2025-01-24,0.8069,70.29,0.5861
2025-01-25,0.8052,70.52,0.5841
2025-01-26,0.7992,70.16,0.5815
2025-01-27,0.8002,69.32,0.5821
2025-01-28,0.8012,67.6,0.5808
2025-01-29,0.8181,66.83,0.5755
2025-01-30,0.8127,69.03,0.5769
2025-01-31,0.7942,71.7,0.577
2025-02-01,0.7943,68.97,0.5854
2025-02-02,0.7932,65.37,0.6117
2025-02-03,0.7878,63.33,0.6386
2025-02-04,0.787,62.21,0.6487
2025-02-05,0.7752,64.24,0.6506
2025-02-06,0.7706,61.96,0.6515
2025-02-07,0.7573,60.48,0.635
2025-02-08,0.7562,60.74,0.6303
2025-02-09,0.7404,60.64,0.6152
2025-02-10,0.7497,60.8,0.6152
2025-02-11,0.7501,60.52,0.6193
2025-02-12,0.7542,62.25,0.613
2025-02-13,0.7524,61.65,0.6143
2025-02-14,0.7526,62.24,0.6308
2025-02-15,0.7553,61.45,0.6295
2025-02-16,0.7353,61.65,0.6115
2025-02-17,0.7169,63.76,0.5974
2025-02-18,0.7159,62.2,0.594
2025-02-19,0.7207,62.56,0.5969
2025-02-20,0.7206,62.04,0.6051
2025-02-21,0.7435,61.6,0.6233
2025-02-22,0.7383,63.71,0.6196
2025-02-23,0.7328,65.24,0.6196
2025-02-24,0.7541,61.22,0.6573
2025-02-25,0.75,62.56,0.6367
2025-02-26,0.7632,61.54,0.6465
2025-02-27,0.7625,60.59,0.6454
2025-02-28,0.7635,59.05,0.6309
2025-03-01,0.7575,57.36,0.6183
2025-03-02,0.8129,59.52,0.7169
2025-03-03,0.8433,55.5,0.7591
2025-03-04,0.8455,55.39,0.7586
2025-03-05,0.8483,55.08,0.7502
2025-03-06,0.8485,54.5,0.7508
2025-03-07,0.8501,54.9,0.7512
2025-03-08,0.8337,56.89,0.7459
2025-03-09,0.8443,55.67,0.7486
2025-03-10,0.8432,52.76,0.7484
2025-03-11,0.8391,51.58,0.7516
2025-03-12,0.8387,50.76,0.7519
2025-03-13,0.8365,51.16,0.7502
2025-03-14,0.8417,50.62,0.7588
2025-03-15,0.8397,51.14,0.7583
2025-03-16,0.8333,50.88,0.7503
2025-03-17,0.8368,51.02,0.7537
2025-03-18,0.827,52.01,0.7553
2025-03-19,0.8433,52.74,0.8284
2025-03-20,0.8448,52.43,0.8303
2025-03-21,0.8446,52.05,0.835
2025-03-22,0.8486,52.58,0.8364
2025-03-23,0.8473,51.88,0.851
2025-03-24,0.8508,52.86,0.8518
2025-03-25,0.852,52.63,0.8511
2025-03-26,0.8514,51.47,0.8501
2025-03-27,0.851,51.13,0.8494
2025-03-28,0.8538,50.03,0.8519
2025-03-29,0.8557,49.25,0.8528
2025-03-30,0.8562,48.84,0.8561
2025-03-31,0.8586,49.18,0.8567
2025-04-01,0.8736,49.81,0.8533
2025-04-02,0.8771,48.45,0.8575
2025-04-03,0.8785,48.64,0.8556
2025-04-04,0.8867,48.2,0.8506
2025-04-05,0.8843,48.15,0.851
2025-04-06,0.899,44.88,0.8607
2025-04-07,0.8994,43.7,0.8625
2025-04-08,0.9028,42.98,0.8548
2025-04-09,0.9153,44.97,0.8693
2025-04-10,0.915,42.57,0.8702
2025-04-11,0.9117,41.83,0.8747
2025-04-12,0.9119,42.9,0.8743
2025-04-13,0.9123,42.48,0.8787
2025-04-14,0.9124,42.73,0.8788
2025-04-15,0.9125,42.27,0.8788
2025-04-16,0.9125,41.81,0.8786
2025-04-17,0.9131,41.5,0.8786
2025-04-18,0.9176,41.89,0.8825
2025-04-19,0.9185,42.21,0.8851
2025-04-20,0.9178,41.49,0.8856
2025-04-21,0.9128,40.18,0.8775
2025-04-22,0.9188,41.87,0.8789
2025-04-23,0.9213,42.67,0.8788
2025-04-24,0.9238,41.94,0.8793
2025-04-25,0.922,41.99,0.8766
2025-04-26,0.9252,42.85,0.8861
2025-04-27,0.9236,42.57,0.8845
2025-04-28,0.9237,42.16,0.8834
2025-04-29,0.9235,42.48,0.8982
2025-04-30,0.9272,42.39,0.9067
2025-05-01,0.9159,42.43,0.8963
2025-05-02,0.9007,42.33,0.8797
2025-05-03,0.8995,42.57,0.8791
2025-05-04,0.8987,42.69,0.8892
2025-05-05,0.8985,42.76,0.8886
2025-05-06,0.8967,41.74,0.8863
2025-05-07,0.9064,41.56,0.886
2025-05-08,0.869,47.58,0.8921
2025-05-09,0.8494,50.71,0.8765
2025-05-10,0.8471,54.91,0.8772
2025-05-11,0.8489,53.68,0.8771
2025-05-12,0.8504,54.05,0.8752
2025-05-13,0.849,57.28,0.8688
2025-05-14,0.8493,56.12,0.8675
2025-05-15,0.8467,54.65,0.8603
2025-05-16,0.8469,54.56,0.8608
2025-05-17,0.8505,53.41,0.8601
2025-05-18,0.8405,52.25,0.8548
2025-05-19,0.8367,53.32,0.8485
2025-05-20,0.835,52.62,0.8489
2025-05-21,0.8315,51.81,0.8494
2025-05-22,0.8361,53.11,0.8496
2025-05-23,0.8379,52.42,0.8505
2025-05-24,0.8378,52.27,0.8526
2025-05-25,0.837,52.1,0.8537
2025-05-26,0.8372,52.16,0.8535
2025-05-27,0.8251,54.39,0.8456
2025-05-28,0.8196,55.39,0.8439
2025-05-29,0.8192,55.48,0.8464
2025-05-30,0.8216,54.16,0.8455
2025-05-31,0.8194,53.81,0.8502
2025-06-01,0.8128,53.44,0.8437
2025-06-02,0.8108,54.82,0.8449
2025-06-03,0.812,54.76,0.8499
2025-06-04,0.8105,55.45,0.8504
2025-06-05,0.791,52.96,0.8321
2025-06-06,0.7947,52.83,0.8314
2025-06-07,0.788,53.25,0.843
2025-06-08,0.7537,52.83,0.8059
2025-06-09,0.7433,54.12,0.8035
2025-06-10,0.7485,56.81,0.7824
2025-06-11,0.746,56.81,0.7929
2025-06-12,0.7498,55.73,0.7984
2025-06-13,0.747,54.13,0.7949
2025-06-14,0.746,53.47,0.7936
2025-06-15,0.747,53.72,0.7804
2025-06-16,0.7452,52.96,0.7744
2025-06-17,0.7443,53.44,0.7755
2025-06-18,0.7442,53.58,0.7812
2025-06-19,0.7454,53.63,0.7807
2025-06-20,0.7668,51.88,0.8003
2025-06-21,0.7387,50.08,0.7727
2025-06-22,0.7425,49.12,0.7765
2025-06-23,0.7626,51.07,0.802
2025-06-24,0.763,51.39,0.8049
2025-06-25,0.7575,50.17,0.7963
2025-06-26,0.7563,50.29,0.7963
2025-06-27,0.7593,50.39,0.7961
2025-06-28,0.7601,50.55,0.7767
2025-06-29,0.7607,51.37,0.7784
2025-06-30,0.7618,51.67,0.7715
2025-07-01,0.7653,50.67,0.7774
2025-07-02,0.7746,52.58,0.7813
2025-07-03,0.7746,52.61,0.7802
2025-07-04,0.7779,51.69,0.7839
2025-07-05,0.7896,51.78,0.7919
2025-07-06,0.7904,52.4,0.7921
2025-07-07,0.73,52.27,0.7487
2025-07-08,0.7569,53.44,0.7732
2025-07-09,0.7805,55.41,0.7754
2025-07-10,0.7967,56.71,0.7787
2025-07-11,0.7946,56.03,0.7819
2025-07-12,0.8066,55.79,0.7854
2025-07-13,0.8055,55.57,0.7845
2025-07-14,0.8104,55.97,0.7959
2025-07-15,0.7666,59.35,0.7795
2025-07-16,0.7493,63.21,0.7672
2025-07-17,0.7636,64.88,0.7576
2025-07-18,0.7571,66.95,0.7501
2025-07-19,0.761,67.86,0.7501
2025-07-20,0.7543,71.35,0.7361
2025-07-21,0.7491,71.34,0.696
2025-07-22,0.7134,69.56,0.7048
2025-07-23,0.7177,68.04,0.699
2025-07-24,0.7153,69.74,0.7007
2025-07-25,0.7145,70.54,0.6928
2025-07-26,0.7272,70.62,0.6944
2025-07-27,0.7344,72.22,0.6929
2025-07-28,0.7358,71.5,0.6917
2025-07-29,0.7289,71.62,0.6833
2025-07-30,0.7308,71.95,0.6831
2025-07-31,0.7401,71.09,0.6891
2025-08-01,0.7531,68.53,0.7015
2025-08-02,0.7534,67.12,0.7026
2025-08-03,0.758,68.17,0.7037
2025-08-04,0.7278,71.95,0.6843
2025-08-05,0.734,70.45,0.6894
2025-08-06,0.7341,71.3,0.6899
2025-08-07,0.7442,74.16,0.6982
2025-08-08,0.7181,76.5,0.6821
2025-08-09,0.7069,81.47,0.6824
2025-08-10,0.6804,79.38,0.6728
2025-08-11,0.6651,79.26,0.6561
2025-08-12,0.6661,85.05,0.6514
2025-08-13,0.666,85.85,0.6599
2025-08-14,0.6824,85.55,0.6815
2025-08-15,0.6925,84.2,0.693
2025-08-16,0.6914,83.87,0.6896
2025-08-17,0.6914,84.79,0.6905
2025-08-18,0.695,82.58,0.695
2025-08-19,0.7085,80.37,0.6962
2025-08-20,0.7076,84.44,0.6937
2025-08-21,0.7085,83.63,0.6968
2025-08-22,0.7183,92.03,0.6962
2025-08-23,0.7208,92.16,0.6864
2025-08-24,0.7312,93.78,0.6897
2025-08-25,0.7498,88.4,0.713
2025-08-26,0.754,91.6,0.7181
2025-08-27,0.7544,90.14,0.7185
2025-08-28,0.7473,89.16,0.7206
2025-08-29,0.748,89.54,0.7305
2025-08-30,0.7435,89.5,0.7243
2025-08-31,0.7325,90.29,0.7254
2025-09-01,0.7226,87.92,0.7174
2025-09-02,0.7075,86.59,0.72
2025-09-03,0.7082,88.68,0.7201
2025-09-04,0.7093,86.43,0.72
2025-09-05,0.7078,86.65,0.7184
2025-09-06,0.7075,86.33,0.7181
2025-09-07,0.6969,86.22,0.7169
2025-09-08,0.6798,85.58,0.7259
2025-09-09,0.6874,86.01,0.7347
2025-09-10,0.6768,84.96,0.7355
2025-09-11,0.6822,85.98,0.7422
2025-09-12,0.6801,90.41,0.7403
2025-09-13,0.708,89.63,0.7496
2025-09-14,0.7124,88.92,0.7503
2025-09-15,0.7091,87.29,0.7459
2025-09-16,0.71,85.81,0.7475
2025-09-17,0.7078,87.79,0.7423
2025-09-18,0.7208,87.23,0.7471
2025-09-19,0.724,86.03,0.7692
2025-09-20,0.7424,86.23,0.7632
2025-09-21,0.7404,85.94,0.7712
2025-09-22,0.7532,82.99,0.7843
2025-09-23,0.7549,82.79,0.7895
2025-09-24,0.7488,81.59,0.7824
2025-09-25,0.7616,78.97,0.8015
2025-09-26,0.7595,81.89,0.7937
2025-09-27,0.7592,81.57,0.7935
2025-09-28,0.7602,82.23,0.7963
2025-09-29,0.7542,82.07,0.7861
2025-09-30,0.7457,80.92,0.7785
2025-10-01,0.7471,81.64,0.7825
2025-10-02,0.7473,82.79,0.7867
2025-10-03,0.7505,82.21,0.7791
2025-10-04,0.7487,81.63,0.7751
2025-10-05,0.747,81.39,0.7724
2025-10-06,0.7407,83.65,0.7688
2025-10-07,0.7584,81.59,0.7788
2025-10-08,0.7804,81.71,0.7832
2025-10-09,0.7981,79.92,0.7931
2025-10-10,0.8318,75.57,0.8355
2025-10-11,0.8445,75.35,0.8491
2025-10-12,0.8537,80.5,0.8576
2025-10-13,0.8546,81.99,0.8532
2025-10-14,0.8553,81.19,0.8544
2025-10-15,0.857,80.13,0.8574
2025-10-16,0.8561,80.15,0.8603
2025-10-17,0.8558,80.14,0.8599
2025-10-18,0.8514,80.79,0.8602
2025-10-19,0.8555,81.63,0.8567
2025-10-20,0.8479,80.13,0.8513
2025-10-21,0.8509,79.56,0.838
2025-10-22,0.8519,78.72,0.8459
2025-10-23,0.8559,77.99,0.8589
2025-10-24,0.8522,78.89,0.8524
2025-10-25,0.8537,78.84,0.8502
2025-10-26,0.8587,80.86,0.8592
2025-10-27,0.861,80.37,0.861
2025-10-28,0.8656,78.49,0.8647
2025-10-29,0.8616,78.96,0.8511
2025-10-30,0.8645,78.2,0.8529
2025-10-31,0.872,78.17,0.8597
2025-11-01,0.8773,78.36,0.8574
2025-11-02,0.8801,78.7,0.8574
2025-11-03,0.8892,75.27,0.8666
2025-11-04,0.8993,72.15,0.8671
2025-11-05,0.9017,73.4,0.87
2025-11-06,0.9022,72.79,0.8719
2025-11-07,0.905,73.98,0.8748
2025-11-08,0.9051,74.01,0.8778
2025-11-09,0.9118,76.16,0.879
2025-11-10,0.9073,74.95,0.8787
2025-11-11,0.9211,73.82,0.8903
2025-11-12,0.9181,74.74,0.8887
2025-11-13,0.918,72.19,0.8901
2025-11-14,0.9067,73.2,0.8777
2025-11-15,0.9111,73.78,0.877
2025-11-16,0.9149,73.11,0.8824
2025-11-17,0.9145,73.11,0.8834
2025-11-18,0.9138,74.8,0.8743
2025-11-19,0.9142,73.58,0.8746
2025-11-20,0.9151,72.77,0.8517
2025-11-21,0.9158,72.36,0.8519
2025-11-22,0.9155,72.79,0.853
2025-11-23,0.914,71.85,0.8565
2025-11-24,0.9096,74.47,0.8521
2025-11-25,0.9123,75.39,0.8584
2025-11-26,0.907,74.47,0.8554
2025-11-27,0.9037,73.52,0.8494
2025-11-28,0.9033,74.25,0.8504
2025-11-29,0.9032,73.31,0.8509
2025-11-30,0.9,73.69,0.8441
2025-12-01,0.9026,72.22,0.8424
2025-12-02,0.9088,73.06,0.8609
2025-12-03,0.9096,75.97,0.8663
2025-12-04,0.91,75.73,0.867
2025-12-05,0.9114,75.32,0.8672
2025-12-06,0.9103,75.81,0.8652
2025-12-07,0.9092,75.38,0.8611
2025-12-08,0.9093,76.76,0.8613
2025-12-09,0.8961,79.76,0.8423
2025-12-10,0.895,80.45,0.8412
2025-12-11,0.8876,77.9,0.8322
2025-12-12,0.8905,76.06,0.8458
2025-12-13,0.8893,76.84,0.8448
2025-12-14,0.887,77.27,0.8437
2025-12-15,0.8879,76.36,0.8398
2025-12-16,0.8836,75.12,0.8399
2025-12-17,0.8833,73.17,0.8417
2025-12-18,0.8814,73.64,0.8429
2025-12-19,0.8914,75.25,0.8502
2025-12-20,0.8905,75.03,0.8498
2025-12-21,0.8908,75.4,0.851
2025-12-22,0.8933,75.63,0.8491
2025-12-23,0.8929,75.47,0.8485
2025-12-24,0.8921,74.85,0.8473
2025-12-25,0.8882,74.1,0.8435
2025-12-26,0.8884,74.61,0.8423
2025-12-27,0.8906,74.75,0.8424
2025-12-28,0.8921,74.73,0.8529
2025-12-29,0.8912,74.97,0.854
2025-12-30,0.8909,74.81,0.8539
2025-12-31,0.8895,75.48,0.8535
2026-01-01,0.8889,75.28,0.8543
2026-01-02,0.8855,77.33,0.8599
2026-01-03,0.8753,76.81,0.8515
2026-01-04,0.8714,76.49,0.8471
2026-01-05,0.8699,76.5,0.8459
2026-01-06,0.8631,78.28,0.8386
2026-01-07,0.8663,77.21,0.841
2026-01-08,0.8612,75.92,0.8341
2026-01-09,0.8658,75.83,0.8324
2026-01-10,0.8617,75.92,0.8315
2026-01-11,0.8644,76.45,0.8302
2026-01-12,0.8644,75.49,0.8297
2026-01-13,0.8809,77.59,0.8329
2026-01-14,0.8783,77.05,0.8324
2026-01-15,0.8769,77.28,0.833
2026-01-16,0.8755,76.8,0.8265
2026-01-17,0.8764,77.46,0.8551
2026-01-18,0.8739,78.01,0.8535
2026-01-19,0.8615,76.65,0.8777
2026-01-20,0.875,74.0,0.8836
2026-01-21,0.876,74.2,0.8834
2026-01-22,0.8804,73.4,0.8823
2026-01-23,0.8839,73.46,0.8888
2026-01-24,0.8868,73.67,0.893
2026-01-25,0.8982,72.41,0.8977
2026-01-26,0.9032,73.81,0.9055
2026-01-27,0.903,75.51,0.9079
2026-01-28,0.9039,75.05,0.9061
2026-01-29,0.9101,74.19,0.9105
2026-01-30,0.8938,71.51,0.9077
2026-01-31,0.9028,69.23,0.9093
2026-02-01,0.8945,65.59,0.9073
2026-02-02,0.8972,66.33,0.9113
2026-02-03,0.8995,65.57,0.9146
2026-02-04,0.9,65.35,0.9186
2026-02-05,0.9148,64.68,0.9309
2026-02-06,0.9306,65.11,0.9363
2026-02-07,0.9275,67.18,0.932
2026-02-08,0.9268,66.18,0.9293
2026-02-09,0.9314,66.78,0.9294
2026-02-10,0.9312,65.35,0.9279
2026-02-11,0.9323,64.49,0.9286
2026-02-12,0.9311,65.45,0.9282
2026-02-13,0.9331,66.23,0.929
2026-02-14,0.9353,66.56,0.9258
2026-02-15,0.9299,63.63,0.9272
2026-02-16,0.9293,64.61,0.9285
2026-02-17,0.9257,65.71,0.9272
2026-02-18,0.9258,65.49,0.9256
2026-02-19,0.9251,64.77,0.9258
2026-02-20,0.9252,64.46,0.9261
2026-02-21,0.9252,64.61,0.9259
2026-02-22,0.9254,64.42,0.9247
2026-02-23,0.9273,63.93,0.9277
2026-02-24,0.927,64.37,0.9256
2026-02-25,0.9293,67.3,0.9284
2026-02-26,0.9293,66.89,0.9278
2026-02-27,0.929,65.24,0.9277
2026-02-28,0.9292,65.3,0.928
2026-03-01,0.9294,65.67,0.9274
2026-03-02,0.9305,65.62,0.9263
2026-03-03,0.9318,64.63,0.9272
2026-03-04,0.9355,65.11,0.9236
2026-03-05,0.9355,65.1,0.9235
2026-03-06,0.9357,64.65,0.9236
2026-03-07,0.9374,65.17,0.9261
2026-03-08,0.9368,65.35,0.9256
2026-03-09,0.9375,64.86,0.9285
2026-03-10,0.9379,64.85,0.9282
2026-03-11,0.938,65.06,0.9282
2026-03-12,0.938,65.47,0.9302
2026-03-13,0.9387,65.64,0.9302
2026-03-14,0.9374,65.56,0.9287
2026-03-15,0.9378,66.6,0.9284
2026-03-16,0.9325,69.92,0.9296
2026-03-17,0.9327,69.81,0.931
2026-03-18,0.934,68.86,0.932
2026-03-19,0.9347,68.06,0.9325
2026-03-20,0.9351,67.76,0.9338
2026-03-21,0.9348,67.28,0.9324
2026-03-22,0.9346,67.37,0.9329
2026-03-23,0.9364,67.56,0.9354
2026-03-24,0.9361,68.05,0.9356
2026-03-25,0.936,67.68,0.9357
2026-03-26,0.9365,66.65,0.9384
2026-03-27,0.9366,66.82,0.9398
2026-03-28,0.938,66.89,0.9397
2026-03-29,0.9381,66.92,0.9407
2026-03-30,0.9364,67.55,0.9393
2026-03-31,0.9413,68.67,0.938
2026-04-01,0.9368,69.94,0.9337
2026-04-02,0.9447,68.46,0.9344
2026-04-03,0.9442,68.3,0.9327
2026-04-04,0.943,68.33,0.9323
2026-04-05,0.9421,68.06,0.9307
2026-04-06,0.9262,68.14,0.9088
2026-04-07,0.9143,69.37,0.902
2026-04-08,0.9243,68.56,0.906
2026-04-09,0.9261,67.91,0.9105
2026-04-10,0.9273,68.49,0.9109
2026-04-11,0.9257,69.64,0.9109
2026-04-12,0.9262,68.98,0.9112
2026-04-13,0.9337,70.86,0.9158
2026-04-14,0.9301,69.72,0.91
2026-04-15,0.9299,70.22,0.915
2026-04-16,0.9378,69.57,0.9019
2026-04-17,0.9398,69.88,0.8934
2026-04-18,0.9441,69.12,0.8955
2026-04-19,0.9448,68.27,0.8977
2026-04-20,0.9451,67.93,0.8974
2026-04-21,0.9457,67.88,0.8971
2026-04-22,0.9451,67.64,0.8955
2026-04-23,0.9424,66.32,0.8972
2026-04-24,0.9397,66.56,0.8885
2026-04-25,0.9404,66.51,0.8953
2026-04-26,0.9379,67.07,0.8905
2026-04-27,0.9383,66.27,0.8921
2026-04-28,0.9374,66.75,0.8902
2026-04-29,0.9373,66.2,0.8906
2026-04-30,0.9376,65.83,0.8923
2026-05-01,0.9353,65.35,0.8877
2026-05-02,0.9362,65.56,0.8905
2026-05-03,0.9302,65.81,0.8944
2026-05-04,0.9285,65.44,0.8917
2026-05-05,0.9236,64.95,0.8857
2026-05-06,0.9238,64.27,0.877
2026-05-07,0.9256,63.75,0.8737
2026-05-08,0.928,64.05,0.8522
2026-05-09,0.9279,64.21,0.8544
2026-05-10,0.928,64.21,0.8558
2026-05-11,0.9285,63.72,0.8522
2026-05-12,0.9294,62.92,0.8545
2026-05-13,0.9274,63.4,0.8563
2026-05-14,0.9229,62.65,0.8533
2026-05-15,0.9392,62.6,0.852
2026-05-16,0.9395,62.11,0.8517
2026-05-17,0.9348,61.17,0.8436
2026-05-18,0.932,61.58,0.8432
2026-05-19,0.9323,61.2,0.8427
2026-05-20,0.9302,61.13,0.8398
2026-05-21,0.9304,61.19,0.8366
2026-05-22,0.928,60.89,0.8252
2026-05-23,0.9302,61.44,0.8266
2026-05-24,0.9289,60.67,0.8253
2026-05-25,0.9232,60.82,0.8104
2026-05-26,0.9238,60.8,0.8014
2026-05-27,0.9252,60.55,0.8019
2026-05-28,0.9243,60.78,0.8
2026-05-29,0.9237,61.05,0.7988
2026-05-30,0.9227,60.96,0.8036
2026-05-31,0.9303,60.64,0.8069
2026-06-01,0.9028,62.53,0.7963
2026-06-02,0.9184,62.0,0.8385
2026-06-03,0.9119,63.01,0.8408
2026-06-04,0.9067,61.75,0.8307
2026-06-05,0.896,57.77,0.8478
2026-06-06,0.8848,57.38,0.828
2026-06-07,0.8905,59.37,0.8432
2026-06-08,0.8912,59.64,0.8415
2026-06-09,0.8912,59.14,0.8418
2026-06-10,0.8939,58.7,0.837
2026-06-11,0.8933,58.57,0.8419
2026-06-12,0.8772,58.34,0.8246
2026-06-13,0.8793,58.06,0.833
2026-06-14,0.8818,58.43,0.8362
2026-06-15,0.874,60.28,0.8459
2026-06-16,0.8678,60.76,0.8604
2026-06-17,0.8675,60.4,0.8597
2026-06-18,0.8646,60.51,0.8599
2026-06-19,0.8615,59.95,0.8586
2026-06-20,0.8624,60.28,0.8521
2026-06-21,0.8614,60.01,0.8572
2026-06-22,0.8673,60.1,0.852
2026-06-23,0.8697,59.16,0.8563
2026-06-24,0.8708,59.12,0.8568
2026-06-25,0.8706,58.33,0.8528
2026-06-26,0.8703,58.48,0.8315
2026-06-27,0.8721,58.37,0.8277
2026-06-28,0.8712,58.72,0.8243
2026-06-29,0.872,59.61,0.8229
2026-06-30,0.8728,59.67,0.8312
2026-07-01,0.8752,59.69,0.8387
2026-07-02,0.8779,61.49,0.8446
2026-07-03,0.8809,62.52,0.8516
2026-07-04,0.8831,62.78,0.8436
2026-07-05,0.8846,62.46,0.841
2026-07-06,0.8839,62.53,0.8417
2026-07-07,0.884,62.2,0.8485
2026-07-08,0.8835,62.32,0.8484
2026-07-09,0.8781,61.46,0.8406
2026-07-10,0.8805,62.34,0.8372
2026-07-11,0.88,62.39,0.8356
2026-07-12,0.8806,63.05,0.8353
2026-07-13,0.8838,63.44,0.8409
2026-07-14,0.8938,64.76,0.8388
2026-07-15,0.8907,65.95,0.8392
2026-07-16,0.892,65.02,0.8399
2026-07-17,0.8897,64.14,0.8398
2026-07-18,0.8897,63.95,0.8388
2026-07-19,0.8896,64.4,0.8368
2026-07-20,0.8902,64.97,0.8381
2026-07-21,0.8862,64.55,0.8293
2026-07-22,0.8838,65.12,0.8284
2026-07-23,0.8871,64.25,0.8314
2026-07-24,0.8864,64.61,0.8334
2026-07-25,0.8859,64.84,0.8332
2026-07-26,0.8848,66.55,0.836
2026-07-27,0.8872,66.05,0.8396
2026-07-28,0.8868,66.92,0.8385
2026-07-29,0.8862,66.48,0.8381
2026-07-30,0.8844,65.95,0.8383
2026-07-31,0.9012,65.93,0.8429
2026-08-01,0.8907,65.39,0.8162
2026-08-02,0.9012,66.02,0.8167
2026-08-03,0.9027,65.19,0.827
